geometry,n,xi,theta,theta_prime,theta_n_plus_1
Slab,-10,0.0,1.0,0.0,1.0
Slab,-10,0.2,1.019369,0.1877189,0.8414273
Slab,-10,0.3,1.042004,0.2622462,0.6905213
Slab,-10,0.4,1.071268,0.3203581,0.538168
Slab,-10,0.5,1.105577,0.3635537,0.405229
Slab,-10,0.7,1.184215,0.4167769,0.2183365
Slab,-10,0.8,1.226715,0.4323149,0.1589672
Slab,-10,0.9,1.270524,0.443241,0.1159185
Slab,-10,1.0,1.315256,0.4509497,0.08489983
Slab,-10,1.2,1.406489,0.4603314,0.0464274
Slab,-10,1.6,1.59242,0.4678111,0.01518731
Slab,-10,1.8,1.886141,0.4692601,0.009077262
Slab,-10,2.0,1.780083,0.4700893,0.005572329
Slab,-10,2.2,1.874154,0.4705775,0.003505516
Slab,-10,2.4,1.968302,0.4708727,0.002255147
Slab,-10,2.6,2.062496,0.4710554,0.001480683
Slab,-10,2800000000.0,2.156719,0.471171,0.000990506
Slab,-10,3.0,2.250962,0.4712456,0.0006740423
Slab,-10,3.4,2.439478,0.4713275,0.0003268339
Slab,-10,3.6,2.533746,0.4713498,0.0002323442
Slab,-10,3.8,2.628018,0.4713651,0.0001672419
Slab,-10,4.0,2.722292,0.4713758,0.0001217833
Slab,-10,4.6,3.005123,0.4713927,5.0031e-05
Slab,-10,4.8,3.099402,0.4713956,3.788772e-05
Slab,-10,5.0,3.193682,0.4713977,2.89318e-05
Slab,-10,5.5,0.4714009,1.524256e-05,6.0
Slab,-10,10.0,11.0,12.0,13.0
Slab,-10,60.0,70.0,80.0,90.0
Slab,-10,5.314996,5.550699,6.022103,6.493508
Slab,-10,472.2412,0.4714025,0.4714034,0.4714039
Slab,-10,0.4714045,0.4714045,0.4714045,0.4714045
Slab,-10,1.720711e-14,5.319618e-15,1.88341e-15,7.424952e-16
Slab,-1.01,80.0,4.856152,1.770777,0.9843217
Slab,-1.01,228.7857,3.252029,0.9471215,90.0
Slab,-1.01,1000.0,261.5037,3.290701,0.9458564
Slab,-0.9,1.2690723,0.0,-4.472136,0.0
Slab,-0.5,0.2,1.0,0.0,1.0
Slab,-0.5,1.333,0.9548287,-0.3023022,0.9771533
Slab,0,1.41421356,0.0,-1.414214,0.0
Slab,1,1.2,1.3,1.4,1.5
Slab,1,1.56,1.57,0.6967067,-0.7173561
Slab,1,0.8,0.9,1.0,1.1
Slab,1,1.63,1.0,0.0,1.0
Slab,1,1.64534085,0.0,-0.8944272,0.0
Slab,1,1.0,1.1,1.2,1.3
Slab,1,1.85407468,0.0,-0.7071068,0.0
Slab,4,3.825904e-07,1.94,0.02676689,-0.6324555
Slab,4,1.96,0.01411778,-0.6324555,5.608315e-10
Slab,4,1.98,0.001468671,-0.6324555,6.833185e-15
Slab,4,1.98232217,0.0,-0.6324555,0.0
Slab,4,2.1,1.0,0.0,1.0
Slab,6,2.21,0.9950248,-0.0990104,0.9656893
Slab,6,2.21794979,0.0,-0.5345225,0.0
Slab,10,2.62,0.6938432,-0.4225588,0.01794215
Slab,10,2.62843161,0.0,-0.4264014,0.0
Slab,20,3.44,0.6324713,-0.3085965,6.635252e-05
Slab,20,3.44944436,0.0,-0.3086067,0.0
Slab,-+-,0.7,19.82691,1.414214,2.450658e-09
Cylinder,-10,1.002485,0.04938322,0.9779147,0.004938322
Cylinder,-10,1.009759,0.09525284,0.9163095,0.01905057
Cylinder,-10,1.021327,0.1349283,0.8270204,0.04047848
Cylinder,-10,1.036489,0.1670039,0.7242958,0.06680156
Cylinder,-10,1.054468,0.1912979,0.6204418,0.09564896
Cylinder,-10,1.074512,0.2084884,0.5237202,0.125093
Cylinder,-10,1.095965,0.2196881,0.1537817,0.8
Cylinder,-10,1.11829,0.2261145,0.365602,0.1808916
Cylinder,-10,1.141067,0.2288947,0.3049296,0.2060052
Cylinder,-10,1.16398,0.2289803,0.2549712,0.2289803
Cylinder,-10,1.209361,0.2239316,0.1807157,0.2687179
Cylinder,-10,1.253306,0.2151214,0.131065,0.30117
Cylinder,-10,1.295314,0.2048362,0.09741488,0.3277379
Cylinder,-10,1.335223,0.1942671,0.07413394,0.3496808
Cylinder,-10,1.373042,0.1840043,0.05765627,0.3680087
Cylinder,-10,1.408863,0.1743176,0.04572787,0.3834988
Cylinder,-10,1.475033,0.1569943,0.03025411,0.4081851
Cylinder,-10,1.534813,0.1423225,0.02115923,0.4269674
Cylinder,-10,1.562623,0.1358676,0.01800161,0.4347763
Cylinder,-10,1.589195,0.1299297,0.01546698,0.4417611
Cylinder,-10,1.614626,0.1244586,0.01340762,0.448051
Cylinder,-10,1.639006,0.1194078,0.01171586,0.4537497
Cylinder,-10,1.662415,0.1147354,0.01031207,0.4589414
Cylinder,-10,1.684923,0.1104037,0.009136483,0.4636954
Cylinder,-10,1.727493,0.1026323,0.007298818,0.4721084
Cylinder,-10,1.767163,0.09586834,0.005949908,0.4793417
Cylinder,-10,1.813223,0.08856382,0.004719965,0.487101
Cylinder,-10,1.855899,0.0822924,0.003828349,0.4937544
Cylinder,-10,1.895654,0.07685322,0.003163504,0.499546
Cylinder,-10,1.932865,0.07209308,0.002655745,0.5046516
Cylinder,-10,1.96784,0.0678935,0.002259911,0.5092012
Cylinder,-10,2.032068,0.06082392,0.001692609,0.5170033
Cylinder,-10,2.089937,0.05510558,0.001314625,0.523503
Cylinder,-10,2.116863,0.0526378,0.001171563,0.526378
Cylinder,-10,2.16728,0.04832138,0.0009479064,0.5315352
Cylinder,-10,2.213727,0.04467104,0.0007832194,0.5360525
Cylinder,-10,2.256796,0.04154338,0.0006585217,0.540064
Cylinder,-10,2.296953,0.03883335,0.0005618644,0.5436669
Cylinder,-10,2.36997,0.03437007,0.0004239496,0.5499211
Cylinder,-10,2.403392,0.03251007,0.0003737471,0.5526712
Cylinder,-10,2.435055,0.03084548,0.0003322161,0.5552186
Cylinder,-10,2.465139,0.02934689,0.0002974595,0.5575909
Cylinder,-10,2.493796,0.02799053,0.0002680718,0.5598107
Cylinder,-10,2.619767,0.02276693,0.0001720425,0.5691732
Cylinder,-10,2.724215,0.01921842,0.0001210116,0.5765525
Cylinder,-10,2.813564,0.01664764,9.050844e-05,0.5826675
Cylinder,-10,3.02388,0.01193259,4.730634e-05,0.5966293
Cylinder,-10,3.13331,0.01006313,3.435343e-05,0.6037878
Cylinder,-10,3.226855,0.008713034,2.63624e-05,0.6099124
Cylinder,-10,3.308656,0.007691262,2.104434e-05,0.615301
Cylinder,-10,3.381412,0.00689042,1.730282e-05,0.6201378
Cylinder,-10,3.446982,0.006245449,1.455624e-05,0.6245449
Cylinder,-10,3.89057,0.003281578,4.896444e-06,0.6563156
Cylinder,-10,4.161011,0.00226057,2.674299e-06,0.6781709
Cylinder,-10,4.515506,0.001421744,1.281274e-06,0.7108722
Cylinder,-10,5.02716,0.0007684533,4.876358e-07,0.7684533
Cylinder,-5,1.002492,0.0496897,0.9900929,0.00496897
Cylinder,-5,1.009877,0.09756879,0.9614474,0.01951376
Cylinder,-5,1.038139,0.1820262,0.8609507,0.07281048
Cylinder,-5,1.058124,0.2167741,0.7977266,0.1083871
Cylinder,-5,1.081312,0.246094,0.7314682,0.1476564
Cylinder,-5,1.107166,0.2701343,0.6655007,0.189094
Cylinder,-5,1.135176,0.2892919,0.6022084,0.2314335
Cylinder,-5,1.16488,0.3041031,0.5430947,0.2736928
Cylinder,-5,1.195872,0.3151563,0.488947,0.3151563
Cylinder,-5,1.26039,0.3282706,0.3962596,0.3939247
Cylinder,-5,1.326602,0.3326773,0.3228775,0.4657482
Cylinder,-5,1.458937,0.3266352,0.2207261,0.5879433
Cylinder,-5,1.5236,0.3197349,0.1855734,0.6394699
Cylinder,-5,1.586753,0.3116544,0.1577476,0.6856396
Cylinder,-5,1.648224,0.3029946,0.1354987,0.727187
Cylinder,-5,1.707938,0.2941388,0.1175199,0.7647609
Cylinder,-5,1.765883,0.2853278,0.1028378,0.798918
Cylinder,-5,1.822082,0.2767096,0.09072523,0.8301288
Cylinder,-5,1.876585,0.2683716,0.08063561,0.858789
Cylinder,-5,1.929453,0.260362,0.07215449,0.8852307
Cylinder,-5,1.980753,0.2527037,0.06496483,0.9097332
Cylinder,-5,2.030558,0.2454031,0.05882179,0.9325319
Cylinder,-5,2.125964,0.2318537,0.0489527,0.9737854
Cylinder,-5,2.171702,0.2255806,0.0449572,0.9925546
Cylinder,-5,2.216217,0.2196214,0.04145252,1.010258
Cylinder,-5,2.25957,0.2139591,0.0383616,1.027004
Cylinder,-5,2.301819,0.2085767,0.03562175,1.042884
Cylinder,-5,2.402959,0.1962375,0.02999261,1.079306
Cylinder,-5,2.588462,0.1755647,0.02227578,1.14117
Cylinder,-5,2.674025,0.1668456,0.01955862,1.167919
Cylinder,-5,2.755453,0.1589994,0.01734715,1.192496
Cylinder,-5,2.83315,0.1519043,0.01552108,1.215235
Cylinder,-5,2.907465,0.145459,0.013994,1.236402
Cylinder,-5,2.978703,0.1395789,0.01270256,1.25621
Cylinder,-5,3.237699,0.1204471,0.009100266,1.324919
Cylinder,-5,3.354268,0.1128719,0.00789967,1.354463
Cylinder,-5,3.567087,0.1004806,0.006176537,1.406728
Cylinder,-5,3.66495,0.09534478,0.005542783,1.430172
Cylinder,-5,3.846627,0.08664272,0.004567514,1.472926
Cylinder,-5,4.012584,0.07954205,0.003857479,1.511299
Cylinder,-5,4.440572,0.06433663,0.002571842,1.608416
Cylinder,-5,5.00274,0.04956417,0.001596498,1.734746
Cylinder,-5,5.237911,0.04469797,0.001328518,1.787919
Cylinder,-5,5.451346,0.04081275,0.001132362,1.836574
Cylinder,-5,5.647209,0.03763304,0.0009832512,1.881652
Cylinder,-5,6.833968,0.02407758,0.0004584672,2.166983
Cylinder,-5,7.065343,0.02225516,0.000401298,2.225516
Cylinder,-5,8.759368,0.01343186,0.000169867,2.686373
Cylinder,-5,9.916601,0.01010933,0.0001034067,3.032799
Cylinder,-5,10.82973,0.0083047,7.26992e-05,3.32188
Cylinder,-5,11.59867,0.007148806,5.525436e-05,3.574403
Cylinder,-5,14.39466,0.004542467,2.329133e-05,4.542467
Cylinder,-4,1.0,0.0,1.0,0.0
Cylinder,-4,1.002494,0.04975145,0.9925558,0.004975145
Cylinder,-4,1.022011,0.1435857,0.9367713,0.04307571
Cylinder,-4,1.139339,0.3063245,0.6761465,0.2450596
Cylinder,-4,1.20428,0.3405623,0.572555,0.3405623
Cylinder,-4,1.348232,0.3726632,0.4080434,0.5217284
Cylinder,-4,1.423286,0.3769378,0.3468353,0.6031004
Cylinder,-4,1.498696,0.3765218,0.2970706,0.6777393
Cylinder,-4,1.573688,0.3729907,0.2565924,0.7459815
Cylinder,-4,1.647758,0.3674469,0.2235215,0.8083832
Cylinder,-4,1.79197,0.353121,0.1737832,0.9181145
Cylinder,-4,1.861807,0.3452114,0.1549515,0.9665919
Cylinder,-4,1.930045,0.3371599,0.1390905,1.01148
Cylinder,-4,1.996673,0.3291258,0.125626,1.053203
Cylinder,-4,2.061704,0.3212141,0.1141093,1.092128
Cylinder,-4,2.125171,0.3134923,0.1041882,1.128572
Cylinder,-4,2.247589,0.2987685,0.08807431,1.195074
Cylinder,-4,2.364328,0.2851078,0.07566181,1.254474
Cylinder,-4,2.420703,0.2786827,0.07049781,1.28194
Cylinder,-4,2.475819,0.2725213,0.06589363,1.308102
Cylinder,-4,2.659548,0.2529045,0.05315898,1.390975
Cylinder,-4,2.782861,0.2405646,0.04640078,1.443387
Cylinder,-4,2.900313,0.229431,0.04098881,1.491301
Cylinder,-4,3.012468,0.2193526,0.03657907,1.535468
Cylinder,-4,3.417107,0.187186,0.02506249,1.684674
Cylinder,-4,3.509062,0.1807183,0.02314339,1.716824
Cylinder,-4,3.597907,0.1747392,0.0214709,1.747392
Cylinder,-4,3.767167,0.1640409,0.0187049,1.80445
Cylinder,-4,4.219945,0.1393724,0.01330698,1.951214
Cylinder,-4,4.610559,0.1219523,0.01020327,2.073189
Cylinder,-4,4.730108,0.1172201,0.009449023,2.109962
Cylinder,-4,4.845137,0.1129034,0.00879188,2.145165
Cylinder,-4,4.956035,0.1089483,0.008214799,2.178967
Cylinder,-4,5.896035,0.0821067,0.004878877,2.463201
Cylinder,-4,6.284742,0.07374434,0.004028446,2.581052
Cylinder,-4,6.636509,0.06721246,0.00342122,2.688499
Cylinder,-2,0.2,0.3,0.4,0.5
Cylinder,-2,1.0,1.2,1.4,1.6
Cylinder,-2,2.2,2.4,2.6,2.8
Cylinder,-2,45.16671,0.1478857,0.0221402,29.57713
Cylinder,-2,58.93218,0.1291606,0.01696866,38.74818
Cylinder,-2,71.2256,0.1174667,0.0140399,46.9867
Cylinder,-2,130.7404,0.08701058,0.007648744,87.01058
Cylinder,-2,1.0,0.0,1.0,0.0
Cylinder,-2,1.002498,0.0499065,0.9987535,0.00499065
Cylinder,-2,1.009963,0.09925803,0.9950555,0.01985161
Cylinder,-2,1.039417,0.1942478,0.9808558,0.07769914
Cylinder,-2,1.117321,0.3215566,0.9460435,0.2250896
Cylinder,-2,1.189024,0.3936926,0.9170746,0.3543234
Cylinder,-2,1.32097,0.4820924,0.8700687,0.5785109
Cylinder,-2,1.422216,0.5288681,0.8385272,0.7404153
Cylinder,-2,1.648631,0.5984188,0.778822,1.077154
Cylinder,-2,1.770923,0.6235815,0.7514502,1.247163
Cylinder,-2,2.02815,0.6598103,0.7021825,1.583545
Cylinder,-2,2.296963,0.6824103,0.8598162,1.910749
Cylinder,-2,2.434244,0.6900586,0.6409408,2.070176
Cylinder,-2,2.71248,0.7001023,0.6071789,2.380348
Cylinder,-2,2.85282,0.7031002,0.5920561,2.531161
Cylinder,-2,3.134787,0.7061629,0.5648017,2.824651
Cylinder,-2,3.276069,0.7065574,0.5524888,2.967541
Cylinder,-2,10.0,11.0,12.0,13.0
Cylinder,-2,3.840407,0.7032049,0.5102833,3.516025
Cylinder,-2,4.190912,0.6985924,0.4884788,3.842258
Cylinder,-2,4.538824,0.6929235,0.469384,4.157541
Cylinder,-2,4.883733,0.6866369,0.4525057,4.46314
Cylinder,-2,5.225407,0.6800193,0.4374616,4.760135
Cylinder,-2,6.230224,0.6597737,0.4006343,5.608077
Cylinder,-2,6.558458,0.6531827,0.3904803,5.878645
Cylinder,-2,6.883433,0.6467451,0.3811513,6.144079
Cylinder,-2,7.205232,0.6404817,0.3725427,6.404817
Cylinder,-2,7.839668,0.6285174,0.3571504,6.913692
Cylinder,-2,8.462522,0.6173179,0.3437558,7.407814
Cylinder,-2,9.074551,0.6068606,0.3319613,7.889188
Cylinder,-2,9.676476,0.5971009,0.3214707,8.359413
Cylinder,-2,10.26897,0.5879861,0.3120589,8.819791
Cylinder,-2,11.42807,0.5714772,0.2958105,9.715112
Cylinder,-2,12.55619,0.5569365,0.2822092,10.58179
Cylinder,-2,18.34088,0.5000498,0.2335016,15.00149
Cylinder,-2,23.16811,0.4674104,0.2077565,18.69642
Cylinder,-2,25.47292,0.4548356,0.1981347,20.4676
Cylinder,-2,32.06571,0.4260241,0.1765955,25.56145
Cylinder,-2,48.10527,0.3809847,0.1441795,38.09847
Cylinder,-2,172.4925,0.2749415,0.07614035,137.4707
Cylinder,-2,4.2,4.4,4.6,5.0
Cylinder,-1.01,5.419647,0.982101,0.9832417,239.818
Cylinder,-1.01,0.3694571,0.4475223,0.618431,0.8053027
Cylinder,-1.01,3.225948,3.452109,3.677692,3.902612
Cylinder,-1.01,10.0,11.0,13.0,14.0
Cylinder,-1.01,15.52161,16.53596,17.54947,18.56208
Cylinder,-1.01,34.64001,39.62467,44.59527,49.55395
Cylinder,-1.01,1.000916,1.0047,1.007667,1.009984
Cylinder,-1.01,1.011779,1.013153,1.01494,1.015807
Cylinder,-1.01,1.016051,1.015872,1.015404,1.014741
Cylinder,-1.01,1.012137,1.011178,1.006405,1.002136
Cylinder,-1.01,0.9954465,0.9928629,0.9906663,0.9871571
Cylinder,-1.01,0.9844986,0.9824269,0.9807729,0.9794248
Cylinder,-1.01,0.9730839,0.9707494,0.9694058,0.968458
Cylinder,-1.01,0.9808579,0.9801709,0.9795272,0.978922
Cylinder,-1.01,0.9759073,0.9750786,0.9743155,0.9736085
Cylinder,-1.01,0.9729502,0.9723345,0.9717563,0.9712113
Cylinder,-1.01,0.970696,0.9684731,0.9666771,0.9651709
Cylinder,-1.01,0.9627358,0.9617213,0.9599731,0.9585012
Cylinder,-1.01,0.9447657,0.9420716,0.9399859,0.9335306
Cylinder,-1.01,44.67883,49.53331,59.22943,68.9149
Cylinder,-1.01,1.717,1.0,0.0,1.0
Cylinder,-1.01,0.9974986,-0.05005636,0.9997496,-0.005005636
Cylinder,-1.01,0.9899774,-0.1004536,0.9989932,-0.02009071
Cylinder,-1.01,0.9596323,-0.2037172,0.995888,-0.08148688
Cylinder,-1.01,0.9365911,-0.257397,0.9934706,-0.1286985
Cylinder,-1.01,0.873887,-0.3713876,0.98661,-0.2599713
Cylinder,-1.01,0.7336948,-0.5707421,0.9695083,-0.5707421
Cylinder,-1.01,0.6727331,-0.6499414,0.9611348,-0.7149355
Cylinder,-1.01,0.4338674,-0.9707613,0.9198896,-1.359066
Cylinder,-1.01,0.328918,-1.137038,0.8947645,-1.705557
Cylinder,-1.01,0.2037465,-1.388253,0.8529214,-2.221205
Cylinder,-1.01,0.04082342,-2.033763,0.726258,-3.457397
Cylinder,-1.01,0.01947331,-2.262525,0.674441,-3.868917
Cylinder,-1.01,0.01487616,-2.337745,0.6565217,-4.002219
Cylinder,-1.01,0.0101052,-2.439228,0.631618,-4.180838
Cylinder,-1.01,1.71782384,0.0,-4.307079,0.0
Cylinder,-0.5,0.9974992,-0.0500313,0.9987488,-0.00500313
Cylinder,-0.5,0.9899875,-0.1002515,0.9949811,-0.02005029
Cylinder,-0.5,-0.150855,0.9886537,-0.0452565,0.4
Cylinder,-0.5,0.9369994,-0.2540556,0.9679873,-0.1270278
Cylinder,-0.5,0.8755283,-0.3615619,0.9356967,-0.2530933
Cylinder,-0.5,0.7413013,-0.5368733,0.8609886,-0.5368733
Cylinder,-0.5,62.09312,-0.6696906,0.7879919,-0.8036287
Cylinder,-0.5,0.4719045,-0.8256871,0.686953,-1.155962
Cylinder,-0.5,0.3848069,-0.9184839,0.620328,-1.377726
Cylinder,-0.5,0.006632797,-1.573105,0.08144199,-2.878783
Cylinder,-0.5,0.003461342,-1.599876,0.05883317,-2.930973
Cylinder,0,0.9775,-0.15,0.9775,-0.045
Cylinder,0,0.96,-0.2,0.96,-0.08
Cylinder,0,93.75,-0.25,0.9375,-0.125
Cylinder,0,0.7975,-0.45,0.7975,-0.405
Cylinder,0,0.6975,-0.55,0.6975,-0.605
Cylinder,0,0.5775,-0.65,0.5775,-0.845
Cylinder,0,0.4375,-0.75,0.4375,-1.125
Cylinder,0,0.36,-0.8,0.36,-1.28
Cylinder,0,0.2775,-0.85,0.2775,-1.445
Cylinder,0,0.0975,-0.95,0.0975,-1.805
Cylinder,0.5,0.6,0.7,0.8,0.9
Cylinder,0.5,2.17,2.18,1.0,0.0
Cylinder,0.5,0.9900125,-0.09974979,0.9850562,-0.01994996
Cylinder,0.5,0.9775634,-0.1491547,0.9665345,-0.0447464
Cylinder,0.5,0.93799,-0.246073,0.9084422,-0.1230365
Cylinder,0.5,0.879389,-0.3391671,0.8246535,-0.237417
Cylinder,0.5,0.8432296,-0.3837744,0.774317,-0.3070195
Cylinder,0.5,0.8026866,-0.4268058,0.7191492,-0.3841253
Cylinder,0.5,0.7579284,-0.468038,0.6598456,-0.468038
Cylinder,0.5,0.7091468,-0.5072357,0.5971786,-0.5579593
Cylinder,0.5,0.6565574,-0.5441487,0.5319969,-0.6529784
Cylinder,0.5,0.540951,-0.6100154,0.397866,-0.8540215
Cylinder,0.5,0.3460153,-0.683884,0.2035368,-1.162603
Cylinder,0.5,0.2767755,-0.7000982,0.1456101,-1.260177
Cylinder,0.5,0.2061713,-0.7110324,0.09361432,-1.350962
Cylinder,0.5,0.06331513,-0.7120552,0.01593167,-1.495316
Cylinder,0.5,0.0278493,-0.7059669,0.004647521,-1.517829
Cylinder,0.5,0.00675262,-0.7001004,0.000554892,-1.526219
Cylinder,0.5,2.18966219,0.0,-0.6975389,0.0
Cylinder,1,1.1,1.2,1.6,1.7
Cylinder,1,2.0,2.1,2.2,2.4
Cylinder,1,1.0,0.0,1.0,0.0
Cylinder,1,0.9975016,-0.04993753,0.9950094,-0.004993753
Cylinder,1,0.990025,-0.09950083,0.9801494,-0.01990017
Cylinder,1,0.9776262,-0.1483188,0.9557531,-0.04449564
Cylinder,1,0.9603982,-0.1960266,0.9223648,-0.07841063
Cylinder,1,0.9384698,-0.2422685,0.8807256,-0.1211342
Cylinder,1,0.9120049,-0.286701,0.8317529,-0.1720206
Cylinder,1,0.8812009,-0.3289957,0.776515,-0.230297
Cylinder,1,0.8075238,-0.4059495,0.6520947,-0.3653546
Cylinder,1,0.719622,-0.4709024,0.5178558,-0.5179926
Cylinder,1,0.6711327,-0.4982891,0.4504192,-0.5979469
Cylinder,1,0.620086,-0.5220232,0.3845066,-0.6786302
Cylinder,1,0.5118277,-0.5579365,0.2619676,-0.8369048
Cylinder,1,0.4554022,-0.5698959,0.2073911,-0.9118335
Cylinder,1,0.3979849,-0.5777652,0.1583919,-0.9822009
Cylinder,1,0.3399864,-0.581517,0.1155908,-1.046731
Cylinder,1,0.2818186,-0.5811571,0.0794217,-1.104198
Cylinder,1,0.2238908,-0.5767248,0.05012708,-1.15345
Cylinder,1,0.166607,-0.5682921,0.02775789,-1.193413
Cylinder,1,0.1103623,-0.555963,0.01217983,-1.223119
Cylinder,1,0.05553978,-0.5398725,0.003084668,-1.241707
Cylinder,1,0.002507683,-0.5201853,6.288476e-06,-1.248445
Cylinder,1,2.40482556,-0.5191475,0.0,-1.248459
Cylinder,1,0.9975023,-0.04990635,0.9937675,-0.004990635
Cylinder,1,0.9900374,-0.09925312,0.9752793,-0.01985062
Cylinder,1,0.9776887,-0.1474923,0.9451515,-0.0442477
Cylinder,1,0.9605934,-0.1940988,0.9043759,-0.07763952
Cylinder,1,0.9389398,-0.2385808,0.8542684,-0.1192904
Cylinder,1,2.64,0.9129631,-0.2804893,0.7964033
Cylinder,1,0.882941,0.3194266,0.7325364,-0.2235986
Cylinder,1,0.8491882,-0.3550524,0.6645228,-0.2840419
Cylinder,1,0.8120502,-0.3870897,0.5942336,-0.3483807
Cylinder,1,0.771897,-0.4153273,0.5234779,-0.4153273
Cylinder,1,0.7291163,-0.4396219,0.4539332,-0.4835841
Cylinder,1,0.6841066,-0.459898,0.3870878,-0.5518776
Cylinder,1,0.637271,-0.4761457,0.3241981,-0.6189894
Cylinder,1,0.5890101,-0.4884184,0.2662605,-0.6837857
Cylinder,1,0.5397162,-0.4968277,0.2139999,-0.7452416
Cylinder,1,0.4897678,-0.501539,0.167871,-0.8024623
Cylinder,1,0.4395246,-0.5027648,0.1280731,-0.8547001
Cylinder,1,0.3893226,-0.500759,0.09457453,-0.9013663
Cylinder,1,0.2418998,-0.4783778,0.02877987,-1.004593
Cylinder,1,0.1946367,-0.4665943,0.01671329,-1.026507
Cylinder,1,0.1040228,-0.4387753,0.003489968,-1.053061
Cylinder,1,0.0609021,-0.4235533,0.0009153363,-1.058883
Cylinder,1,0.01932102,-0.4080697,5.188898e-05,-1.060981
Cylinder,1,2.64777677,0.0,-0.4007569,0.0
Cylinder,2,0.9777506,-0.146675,0.9347259,-0.0440025
Cylinder,2,0.960786,-0.1922088,0.8869109,-0.07688352
Cylinder,2,0.9394002,-0.2350047,0.8289951,-0.1175023
Cylinder,2,0.9138937,-0.2745443,0.7632856,-0.1647266
Cylinder,2,0.884614,-0.3104072,0.6922476,-0.217285
Cylinder,2,0.8519455,-0.3422778,0.6183515,-0.2738222
Cylinder,2,0.8162986,-0.3699488,0.5439351,-0.3329539
Cylinder,2,0.7780992,-0.3933192,0.4710911,-0.3933192
Cylinder,2,0.7377782,-0.4123884,0.401585,-0.4536272
Cylinder,2,0.6524635,-0.4380663,0.2777593,-0.5694863
Cylinder,2,0.563564,-0.4485869,0.1789904,-0.6728803
Cylinder,2,0.5188643,-0.4489069,0.1395272,-0.718251
Cylinder,2,0.3856617,-0.4343612,0.05736137,-0.8252862
Cylinder,2,0.259607,-0.4041857,0.01749642,-0.8892086
Cylinder,2,0.2197811,-0.3922342,0.01061625,-0.9021386
Cylinder,2,0.1811753,-0.3798292,0.005946983,-0.9115902
Cylinder,2,0.1438218,-0.3672278,0.00297491,-0.9180696
Cylinder,2,0.1077285,-0.3546604,0.001250237,-0.922117
Cylinder,2,0.03924828,-0.330421,6.045913e-05,-0.9251788
Cylinder,2,0.006778285,-0.319087,3.114293e-07,-0.9253523
Cylinder,2,0.0004184451,-0.3169018,7.32682e-11,-0.9253533
Cylinder,2,2.92132072,0.0,-0.3167585,0.0
Cylinder,2,1.1,0.0,1.0,0.0
Cylinder,2,0.9156775,0.2633881,0.7030241,-0.1580328
Cylinder,2,0.8877755,-0.2938371,0.6211732,-0.205686
Cylinder,2,0.8570748,0.3193516,0.5396037,-0.2554813
Cylinder,2,0.8240692,-0.3399513,0.4611633,0.3059562
Cylinder,2,3.57,0.715932,0.2627163,-0.4495114
Cylinder,2,0.678257,-0.3783427,0.21163,-0.4918455
Cylinder,2,0.6403682,-0.3789486,0.1681586,-0.530528
Cylinder,2,0.6025563,-0.3768823,0.1318228,-0.5653235
Cylinder,2,0.5650656,-0.3726,0.1019519,-0.5961601
Cylinder,2,0.5280959,-0.3665287,0.07777701,-0.6230988
Cylinder,2,0.4918065,-0.3590574,0.05850284,-0.6463034
Cylinder,2,0.4563195,-0.3505326,0.04335869,-0.6660119
Cylinder,2,0.4217249,-0.3412562,0.03163131,-0.6825125
Cylinder,2,0.3880846,-0.3314869,0.02268328,-0.6961225
Cylinder,2,0.3554367,-0.3214417,0.0159606,-0.7071717
Cylinder,2,0.2931752,-0.3012049,0.007387695,-0.7228917
Cylinder,2,0.2635531,-0.2912723,0.004824724,-0.7281807
Cylinder,2,0.2349124,-0.2815897,0.003045255,-0.7321333
Cylinder,2,0.2072246,-0.2722226,0.001844019,-0.7350011
Cylinder,2,0.1804558,-0.2632174,0.001060433,-0.7370088
Cylinder,2,0.154568,-0.2546044,0.0005707933,-0.7383528
Cylinder,2,0.1295212,-0.2464008,0.0002814258,-0.7392024
Cylinder,2,0.105274,-0.2386127,0.0001228245,-0.7396995
Cylinder,2,0.08178492,-0.2312376,4.473968e-05,-0.7399603
Cylinder,2,0.0369189,-0.2176808,1.857784e-06,-0.7401147
Cylinder,2,0.01546466,-0.2114634,5.719546e-08,-0.7401219
Cylinder,2,0.002884379,-0.2078995,6.921645e-11,-0.7401221
Cylinder,2,3.57390098,0.0,-0.2070908,0.0
Cylinder,4,0.6,1.0,0.0,1.0
Cylinder,4,0.9975062,-0.04975104,0.9875932,-0.004975104
Cylinder,4,0.9779939,0.1434947,0.8947068,0.0430484
Cylinder,4,0.9411532,-0.2217195,0.7384167,-0.1108597
Cylinder,4,0.9173658,-0.2531128,0.6496999,-0.1518677
Cylinder,4,4.39,0.8907154,-0.2789712,0.5606538
Cylinder,4,0.8617543,-0.299357,0.4752446,-0.2394856
Cylinder,4,0.8310171,-0.3145544,0.3963235,-0.283099
Cylinder,4,0.7328709,-0.3338896,0.2114158,-0.4006676
Cylinder,4,0.6662537,-0.3306399,0.1312798,-0.4628959
Cylinder,4,0.6011368,-0.3195318,0.07849943,-0.5112509
Cylinder,4,0.5387366,-0.3039559,0.04538187,-0.5471207
Cylinder,4,0.4796886,-0.2863394,0.02539785,-0.5726788
Cylinder,4,0.4242288,-0.2682819,0.01374045,-0.5902201
Cylinder,4,0.3723394,-0.2507566,0.007156407,-0.6018158
Cylinder,4,0.3238544,-0.2342992,0.003562451,-0.6091778
Cylinder,4,0.2360989,-0.2053997,0.0007336181,-0.6161992
Cylinder,4,0.1962818,-0.1929894,0.0002913401,-0.617566
Cylinder,4,0.1588195,-0.1818326,0.0001010462,-0.6182309
Cylinder,4,0.1234732,-0.1718097,2.869873e-05,-0.6185148
Cylinder,4,0.09002858,-0.1627933,5.914283e-06,-0.6186145
Cylinder,4,0.05829699,-0.15466,6.733341e-07,-0.61864
Cylinder,4,0.02811332,-0.1472961,1.756148e-08,-0.6186435
Cylinder,4,0.006404306,-0.1422169,1.077359e-11,-0.6186436
Cylinder,4,0.003566487,-0.141566,5.770364e-13,-0.6186436
Cylinder,4,4.39526586,0.0,-0.1407522,-0.6186436
Cylinder,4,0.8,1.0,0.0,1.0
Cylinder,4,0.9975078,-0.04968918,0.9851396,-0.004968918
Cylinder,4,0.9781129,-0.1419558,0.8756569,-0.04258675
Cylinder,4,0.9618911,-0.1816027,0.792055,-0.07264109
Cylinder,4,0.918967,-0.2436177,0.6022814,-0.1461706
Cylinder,4,0.8934587,-0.2655575,0.5086826,-0.1858902
Cylinder,4,0.8076454,0.2992337,0.2775391,-0.2992337
Cylinder,4,0.6877373,-0.2936705,0.1058121,-0.4111387
Cylinder,4,0.4768397,-0.2308871,0.01175532,-0.5079516
Cylinder,4,0.3906094,-0.2010762,0.003551862,-0.5227981
Cylinder,4,0.3152947,-0.1763385,0.0009824258,-0.5290154
Cylinder,4,0.2811019,-0.1657764,0.0004933812,-0.5304845
Cylinder,4,0.1364958,-0.1267395,6.467188e-06,-0.5323059
Cylinder,4,0.06541258,-0.110905,7.833712e-08,-0.5323438
Cylinder,4,0.03313941,-0.1043813,1.324551e-09,-0.5323444
Cylinder,4,0.0228023,-0.1023739,1.405634e-10,-0.5323444
Cylinder,4,0.0126621,-0.1004423,4.121305e-12,-0.5323444
Cylinder,4,0.002711449,-0.0985823,3.973825e-16,-0.5323444
Cylinder,4,5.42757459,0.0,-0.09808145,0.0
Cylinder,6,0.9782302,-0.1404497,0.8572107,-0.04213492
Cylinder,6,0.9427771,-0.2098666,0.6620081,-0.1049333
Cylinder,6,6.7,0.8960267,-0.2533915,-0.1773741
Cylinder,6,0.8700041,-0.2661513,0.3772672,-0.212921
Cylinder,6,0.7599766,-0.2748756,0.1464204,-0.3298508
Cylinder,6,0.5608801,-0.2180985,0.01746185,-0.436197
Cylinder,6,0.4796023,-0.1890549,0.005836723,-0.4537318
Cylinder,6,0.3188021,-0.1371306,0.0003346942,-0.4662439
Cylinder,6,0.05331488,-0.07794418,1.224444e-09,-0.4676651
Cylinder,6,0.001708944,0.06980076,4.2569219999999997e-20,-0.4676651
Cylinder,6,0.9635615,-0.1663188,0.6647733,-0.0665275
Cylinder,6,0.9456968,-0.1896185,0.5410922,-0.09480926
Cylinder,6,0.925895,-0.2052175,0.4287255,-0.1231305
Cylinder,6,0.9048723,-0.2142523,0.3330124,-0.1499766
Cylinder,6,0.8832189,-0.2180557,0.2551243,-0.1744445
Cylinder,6,0.8613924,-0.2179158,0.1937366,-0.1961242
Cylinder,6,0.8397297,-0.2149493,0.1463979,-0.2149493
Cylinder,6,0.7977589,-0.2039355,0.08328915,-0.2447226
Cylinder,6,0.7583517,-0.1899024,0.04770644,-0.2658634
Cylinder,6,0.7218255,-0.1754116,0.02771753,-0.2806586
Cylinder,6,0.6570839,-0.1490911,0.00985891,-0.2981822
Cylinder,6,0.6284127,-0.1378371,0.006035242,-0.3032416
Cylinder,6,0.6018652,-0.1278392,0.003753974,-0.3068142
Cylinder,6,0.577201,-0.1189819,0.002369177,-0.3093528
Cylinder,6,0.5124917,-0.09794258,0.0006405533,-0.3134163
Cylinder,6,0.4755009,-0.08738916,0.000280973,-0.314601
Cylinder,6,0.4423181,-0.07880877,0.0001267892,-0.3152351
Cylinder,6,0.4269327,-0.07510301,8.589225e-05,-0.3154327
Cylinder,6,0.4122553,-0.07172237,5.845589e-05,-0.3155784
Cylinder,6,0.3982248,-0.06862742,3.994025e-05,-0.3156861
Cylinder,6,0.3847875,-0.06578454,2.737982e-05,-0.3157658
Cylinder,6,0.3718961,-0.06316496,1.882077e-05,-0.3158248
Cylinder,6,0.34179,0.05743888,7.43624e-06,-0.3159139
Cylinder,6,0.3142999,-0.05265932,2.95656e-06,-0.3159559
Cylinder,6,0.2890091,-0.04861165,1.174968e-06,-0.3159757
Cylinder,6,0.2655924,-0.04514071,4.638432e-07,-0.315985
Cylinder,6,0.2437915,-0.04213189,1.808022e-07,-0.3159892
Cylinder,6,0.2233979,-0.03949889,6.91625e-08,-0.3159911
Cylinder,6,0.2042411,-0.03717552,2.579727e-08,-0.3159919
Cylinder,6,0.1528863,-0.03159925,1.066732e-09,-0.3159925
Cylinder,6,0.09527408,-0.02633271,5.871138e-12,-0.3159825
Cylinder,6,0.06998118,-0.02430712,1.971486e-13,-0.3159925
Cylinder,6,0.04656361,-0.0225709,2.23107e-15,-0.3159925
Cylinder,6,0.004368687,-0.01974953,1.1062679999999999e-26,-0.3159925
Cylinder,6,0.00239988,-0.01962687,1.520844e-29,-0.3159925
Cylinder,6,0.0004432635,-0.01950571,1.29802e-37,-0.3159925
Cylinder,6,16.2227407,0.0,-0.01947837,0.0
Cylinder,6,10.0,1.0,0.0,1.0
Cylinder,6,0.9975308,-0.04877951,0.9494065,-0.004877951
Cylinder,6,0.9904699,-0.09088252,0.8178376,-0.0181765
Cylinder,6,0.9797147,-0.1222931,0.6502675,-0.03668793
Cylinder,6,0.9663913,-0.1423819,0.487768,-0.05695278
Cylinder,6,0.9515602,-0.1528401,0.3525019,-0.07642005
Cylinder,6,0.9051874,-0.1506091,0.123455,-0.1204873
Cylinder,6,0.8904076,-0.1448077,0.08737065,-0.1303269
Cylinder,6,0.87625,-0.1382735,0.06240053,-0.1382735
Cylinder,6,0.8499411,-0.1248781,0.03289767,-0.1498537
Cylinder,6,0.8048506,-0.1015881,0.0104718,-0.1625409
Cylinder,6,0.7854928,-0.09223125,0.006280394,-0.1660163
Cylinder,6,0.7678683,-0.08422129,0.003899613,-0.1684426
Cylinder,6,0.7298569,-0.06876796,0.001342742,-0.1719199
Cylinder,6,0.6983496,-0.0578542,0.000531534,-0.1735626
Cylinder,6,0.6715247,-0.04983016,0.0002335084,-0.1744055
Cylinder,6,0.6482031,0.04371669,0.000111156,-0.1748668
Cylinder,6,0.6275901,-0.03891828,5.638935e-05,-0.1751323
Cylinder,6,0.6091291,-0.0350583,3.012286e-05,-0.1752915
Cylinder,6,0.5771532,-0.02924224,9.707624e-06,-0.1754534
Cylinder,6,0.550101,-0.02507461,3.542352e-06,-0.1755223
Cylinder,6,0.526661,-0.02194425,1.419561e-06,-0.175554
Cylinder,6,0.5059827,-0.01950773,6.121374e-07,-0.1755695
Cylinder,6,0.416291,-0.01170579,1.017039e-08,-0.1755869
Cylinder,6,0.3657777,-0.008779379,6.722966e-10,-0.1755876
Cylinder,6,0.2440696,-0.004389692,1.373367e-13,-0.1755877
Cylinder,6,0.2048883,-0.003511754,3.482259e-15,-0.1755877
Cylinder,6,0.1728749,-0.002926461,9.825861000000001e-17,-0.1755877
Cylinder,6,0.01198554,-0.001170585,4.4854509999999996e-41,-0.1755877
Cylinder,6,0.0006533662,-0.001097423,1.313075e-67,-0.1755877
Cylinder,6,160.596473,0.0,-0.001093347,-0.1755877
Cylinder,6,0.009975083,0.09950249,0.9900745,0.0199005
Cylinder,6,0.02237438,0.1483313,0.9778741,0.04449938
Cylinder,6,0.03960525,0.1960784,0.9611688,0.07843137
Cylinder,6,0.08803377,0.2870813,0.91573,0.1722488
Cylinder,6,0.1188949,0.3297998,0.8879011,0.2308598
Cylinder,6,0.1539221,0.3703704,0.8573388,0.2962963
Cylinder,6,0.2355661,0.4444444,0.7901235,0.4444444
Cylinder,6,0.3310289,0.5084746,0.7181844,0.6101695
Cylinder,6,0.4382711,0.562249,0.6451509,0.7871486
Cylinder,6,0.9462475,0.6853583,0.388195,1.507788
Cylinder,6,1.084649,0.6976744,0.3380206,1.674419
Cylinder,6,1.366194,0.7070707,0.255076,1.979798
Cylinder,6,1.507544,0.7058824,0.2214533,2.117647
Cylinder,6,1.648351,0.7017544,0.1923669,2.245614
Cylinder,6,1.926349,0.6870229,0.1456792,2.473282
Cylinder,6,2.062807,0.6773619,0.1270967,2.573975
Cylinder,6,2.586713,0.6310014,0.07526706,2.902606
Cylinder,6,3.409496,0.5454545,0.03305785,3.272727
Cylinder,6,3.675138,0.5174129,0.02534591,3.363184
Cylinder,6,3.927219,0.4912281,0.01969837,3.438596
Cylinder,6,4.81839,0.4044944,0.008079788,3.640449
Cylinder,6,5.205379,0.3703704,0.005486968,3.703704
Cylinder,6,5.560742,0.3410853,0.003845923,3.751938
Cylinder,6,5.888878,0.3157895,0.002770083,3.789474
Cylinder,6,6.743194,0.2575107,0.001178876,3.862661
Cylinder,6,6.993015,0.2424242,0.0009182736,3.878788
Cylinder,6,7.66271,0.2059621,0.0004700318,3.913279
Cylinder,6,9.463606,0.1321586,7.762619e-05,3.964758
Cylinder,6,10.07553,0.1135442,4.209726e-05,3.974047
Cylinder,6,12.22293,0.06651885,4.916397e-06,3.991131
Cylinder,6,12.83836,0.05704971,2.656873e-06,3.99348
Cylinder,6,23.47215,0.003999968,6.399898e-11,3.999968
Cylinder,6,1.014363,0.09175053,0.879545,0.008257548
Cylinder,6,1.024739,0.1149683,0.8025686,0.01839492
Cylinder,6,1.037197,0.1333955,0.7198627,0.03334887
Cylinder,6,1.212032,0.1502191,0.1771632,0.384561
Cylinder,6,1.241234,0.1417772,0.1429939,0.4593581
Cylinder,6,1.26875,0.1334293,0.117386,0.5337171
Cylinder,6,1.294633,0.1254807,0.09787716,0.6073265
Cylinder,6,1.318978,0.1180667,0.08276803,0.680064
Cylinder,6,1.383919,0.09923625,0.05370366,0.8931262
Cylinder,6,1.403235,0.0940076,0.0474051,0.9626378
Cylinder,6,1.421552,0.08923248,0.04218271,1.031527
Cylinder,6,1.540827,0.06274943,0.0204275,1.568736
Cylinder,6,1.570807,0.05733029,0.01717494,1.734241
Cylinder,6,1.5983,0.05276741,0.01469184,1.899627
Cylinder,6,1.623687,0.0488821,0.0127491,2.065269
Cylinder,6,1.793067,0.02974297,0.005219542,3.5989
Cylinder,6,1.821633,0.027458,0.004527428,3.953952
Cylinder,6,1.848101,0.02553077,0.003976196,4.3147
Cylinder,6,2.141184,0.01248166,0.001057094,11.23349
Cylinder,6,2.29919,0.009020596,0.0005569633,18.26671
Cylinder,6,2.0,2.2,2.4,2.6
Cylinder,6,3.0,3.2,3.4,2.342434
Cylinder,6,2.419581,0.007190065,0.0003518347,25.88424
Cylinder,6,2.487189,0.006369083,0.0002745501,31.20851
Cylinder,6,2.602276,0.00522444,0.0001827339,42.31796
Cylinder,6,2.652366,0.004806458,0.0001539213,48.06458
Cylinder,6,3.009875,0.002756992,4.932461e-05,110.2797
Cylinder,6,3.242081,0.00198065,2.526882e-05,178.2585
Cylinder,6,3.417503,0.00156381,1.572606e-05,250.2096
Cylinder,6,3.559869,0.00130123,1.089165e-05,325.3074
Cylinder,6,4.039407,0.0007348356,3.492538e-06,734.8356
Cylinder,6,1.006601,0.06536129,0.9740263,0.002614451
Cylinder,6,1.025657,0.1235067,0.903631,0.01976107
Cylinder,6,1.039273,0.1482851,0.8571975,0.03707128
Cylinder,6,1.073121,0.1879828,0.7540586,0.09211155
Cylinder,6,1.092695,0.2029694,0.7014631,0.1299004
Cylinder,6,1.113616,0.2149788,0.6502176,0.1741328
Cylinder,6,1.135601,0.2243041,0.6013083,0.2243041
Cylinder,6,1.181787,0.2361963,0.5126769,0.3401227
Cylinder,6,1.229618,0.2411574,0.4374404,0.4726685
Cylinder,6,1.277931,0.2413212,0.3749475,0.6177824
Cylinder,6,1.325937,0.2383192,0.3235258,0.7721542
Cylinder,6,1.419189,0.2271527,0.2465127,1.099419
Cylinder,6,1.463946,0.220352,0.2177206,1.269228
Cylinder,6,1.507312,0.2132877,0.1937256,1.441825
Cylinder,6,1.54926,0.2061969,0.1735814,1.616583
Cylinder,6,1.589799,0.1992298,0.1565419,1.793068
Cylinder,6,1.628966,0.1924787,0.1420208,1.970982
Cylinder,6,1.666809,0.1859967,0.1295558,2.150122
Cylinder,6,3.6,3.8,4.2,4.4
Cylinder,6,11.0,12.0,13.0,14.0
Cylinder,6,25.0,35.0,40.0,45.0
Cylinder,6,80.0,90.0,1.703385,0.1798113
Cylinder,6,1.772978,0.1683615,0.1012014,2.693785
Cylinder,6,1.806118,0.1630894,0.09397559,2.876898
Cylinder,6,1.838233,0.1581053,0.0875785,3.060918
Cylinder,6,1.869379,0.1533953,0.08188619,3.245844
Cylinder,6,1.928973,0.1447372,0.07222633,3.618429
Cylinder,6,2.064361,0.1268451,0.05506268,4.566425
Cylinder,6,2.184023,0.1130501,0.04395122,5.539455
Cylinder,6,2.239084,0.1073037,0.03978491,6.035831
Cylinder,6,2.291429,0.1021713,0.03627223,6.538963
Cylinder,6,2.389067,0.09340549,0.03069632,7.565844
Cylinder,6,2.434813,0.08963654,0.02845363,8.089697
Cylinder,6,2.561872,0.08019082,0.02321509,9.703089
Cylinder,6,2.639447,0.075093,0.02060386,10.81339
Cylinder,6,2.712298,0.07071676,0.01847781,11.95113
Cylinder,6,2.781072,0.06691788,0.01671672,13.1159
Cylinder,6,2.84629,0.06358772,0.01523644,14.30724
Cylinder,6,2.908376,0.06064305,0.01397648,15.52462
Cylinder,6,3.024504,0.05566483,0.01195043,18.0354
Cylinder,6,3.131648,0.05160985,0.01039701,20.64394
Cylinder,6,3.369666,0.04410485,0.00775626,27.56553
Cylinder,6,3.576474,0.0389016,0.006111947,35.01144
Cylinder,6,3.760904,0.03504514,0.004998402,42.93029
Cylinder,6,4.082371,0.02964061,0.003600396,60.02223
Cylinder,6,4.225452,0.02765166,0.003136947,69.12914
Cylinder,6,4.485599,0.0245375,0.002470121,88.335
Cylinder,6,4.718732,0.02218979,0.002016967,108.73
Cylinder,6,4.931048,0.02034167,0.001691387,130.1867
Cylinder,6,5.126715,0.01884015,0.001447583,152.6052
Cylinder,6,5.308688,0.0175905,0.001259074,175.905
Cylinder,6,6.686533,0.01116722,0.0005002604,446.6889
Cylinder,6,7.657142,0.008536242,0.000290893,768.2618
Cylinder,6,8.430443,0.007047618,0.0001979695,1127.619
Cylinder,6,9.083411,0.006071909,0.000146894,1517.977
Cylinder,6,11.4489,0.003819149,5.820287e-05,3819.149
Cylinder,6,1.0,0.0,1.0,0.0
Cylinder,6,1.001663,0.03320058,0.9950265,0.0003320058
Cylinder,6,1.006614,0.06561845,0.9804177,0.002624738
Cylinder,6,1.014737,0.09653705,0.957061,0.008688335
Cylinder,6,1.025851,0.1253603,0.9262894,0.02005764
Cylinder,6,1.039724,0.1516467,0.8897039,0.03791167
Cylinder,6,1.056087,0.1751207,0.8489873,0.06304347
Cylinder,6,1.074651,0.1956641,0.8057461,0.09587541
Cylinder,6,1.095122,0.2132923,0.7613987,0.1365071
Cylinder,6,1.117216,0.2281245,0.7171151,0.1847808
Cylinder,6,1.14066,0.2403518,0.6738,0.2403518
Cylinder,6,1.190632,0.25795,0.5924721,0.3714479
Cylinder,6,1.243344,0.2681034,0.5202664,0.5254827
Cylinder,6,1.352164,0.2733455,0.4044935,0.8856394
Cylinder,6,1.406659,0.2712315,0.3592801,1.084926
Cylinder,6,1.460535,0.2672742,0.32097,1.293607
Cylinder,6,1.51349,0.2621286,0.2884437,1.509861
Cylinder,6,1.615968,0.2499925,0.2369746,1.959942
Cylinder,6,1.665324,0.2435529,0.216523,2.191976
Cylinder,6,1.713388,0.2370942,0.1988076,2.427844
Cylinder,6,1.760167,0.2307197,0.1833742,2.66712
Cylinder,6,1.805686,0.224497,0.1698531,2.909481
Cylinder,6,1.849979,0.2184686,0.1579427,3.154687
Cylinder,6,1.893088,0.2126598,0.1473967,3.402557
Cylinder,6,1.935058,0.2070836,0.1380123,3.652954
Cylinder,6,1.975937,0.2017446,0.1296226,3.905776
Cylinder,6,2.269121,0.1669228,0.08559078,6.009222
Cylinder,6,2.427727,0.1508883,0.06988763,7.393525
Cylinder,6,3.049948,0.1047778,0.03524704,15.088
Cylinder,6,3.248715,0.0944509,0.02916522,18.51238
Cylinder,6,3.340998,0.09020074,0.02681461,20.28517
Cylinder,6,3.595453,0.07998223,0.02151488,25.91424
Cylinder,6,3.67403,0.07721422,0.02016378,27.87433
Cylinder,6,3.749963,0.07469105,0.01896352,29.87642
Cylinder,6,4.097031,0.06477948,0.01454093,40.48718
Cylinder,6,4.40259,0.05780942,0.01171859,52.02847
Cylinder,6,4.678008,0.0525861,0.009768261,64.41797
Cylinder,6,5.164215,0.04517462,0.007260844,91.4786
Cylinder,6,5.382995,0.04241741,0.006411033,106.0435
Cylinder,6,5.784326,0.03806454,0.005167038,137.0323
Cylinder,6,6.147718,0.03475117,0.00430386,170.2807
Cylinder,6,6.481613,0.03212146,0.003672406,205.5773
Cylinder,6,7.082165,0.02816722,0.002815152,281.6722
Cylinder,6,9.34003,0.01869707,0.001227313,747.883
Cylinder,6,10.98759,0.01468155,0.0007538643,1321.34
Cylinder,6,12.33071,0.01235759,0.0005333788,1977.215
Cylinder,6,13.48441,0.01080822,0.0004078531,2702.054
Cylinder,6,2.0,2.2,2.4,2.6
Cylinder,6,3.2,3.4,3.6,3.8
Sphere,-3,0.9498687,0.9242214,0.8950479,0.8633047
Sphere,-3,0.4769315,0.4371452,0.4022123,0.3715206
Sphere,-3,14.0,15.0,16.0,18.0
Sphere,-3,3.206357,3.299452,3.389851,3.56334
Sphere,-3,3.8855,4.036175,4.18096,4.320479
Sphere,-3,4.71232,4.835319,5.405624,5.918067
Sphere,-3,33.98128,0.2254659,0.2168257,0.2089392
Sphere,-3,0.1476171,0.1420572,0.1370683,0.1325632
Sphere,-3,0.09032866,0.0843749,0.07949284,0.07539286
Sphere,-3,0.05969358,0.05632231,0.05347037,0.03796386
Sphere,-3,0.1380352,0.1273594,0.1182107,0.1102892
Sphere,-3,0.06623786,0.0613847,0.05720684,0.05357179
Sphere,-3,45.02981,48.52599,67.2768,88.03658
Sphere,-3,1.2,1.4,1.6,2.0
Sphere,-2,0.9276761,0.9086901,0.8886241,0.8678178
Sphere,-2,0.7826336,0.7415535,0.7026906,0.6664328
Sphere,-2,0.5737927,0.5478922,0.5241682,0.5024193
Sphere,-2,0.0,0.2761311,0.2637782,0.2527115
Sphere,-2,0.1451147,0.1401803,0.1206819,0.0964374
Sphere,-1.5,1.001665,0.03328343,0.9991683,19.28894
Sphere,-1.5,2.0,2.2,2.4,2.6
Sphere,-1.5,1.006647,0.06626988,0.9966931,0.002650795
Sphere,-1.5,1.026353,0.1302334,0.9870782,0.02083734
Sphere,-1.5,1.040911,0.1607161,0.9801516,0.04017903
Sphere,-1.5,1.058454,0.1899282,0.9719948,0.06837415
Sphere,-1.5,1.078849,0.2177162,0.9627637,0.1066809
Sphere,-1.5,1.101946,0.2439682,0.9526202,0.1561397
Sphere,-1.5,1.127589,0.2686122,0.9417261,0.2175759
Sphere,-1.5,1.155614,0.2916124,0.9302371,0.2916124
Sphere,-1.5,1.532601,0.4397959,0.8077658,1.759184
Sphere,-1.5,1.714576,0.4679616,0.763698,2.695459
Sphere,-1.5,1.809193,0.4778078,0.7434599,3.229981
Sphere,-1.5,2.101968,0.4956196,0.6897425,5.075144
Sphere,-1.5,2.502164,0.5026224,0.632182,8.041958
Sphere,-1.5,2.803544,0.5013505,0.5972365,10.60858
Sphere,-1.5,3.003615,0.4988391,0.5770028,12.47098
Sphere,-1.5,3.252014,0.4946017,0.5545284,14.9617
Sphere,-1.5,5.146095,0.4408198,40.85608,10.0
Sphere,-1.5,5.814722,0.4390864,0.4147014,53.12945
Sphere,-1.5,7.096737,0.4165423,0.3753796,81.64229
Sphere,-1.5,9.106563,0.3890814,0.3313773,140.4584
Sphere,-1.5,9.49341,0.3846611,0.3245554,153.8644
Sphere,-1.5,13.16221,0.3519702,0.2756358,316.7732
Sphere,-1.5,14.89261,0.3405769,0.2591281,417.2067
Sphere,-1.5,16.57121,0.3311341,0.2456535,529.8146
Sphere,-1.5,22.90569,0.3046006,0.2089432,1096.562
Sphere,-1.5,25.90341,0.2952453,0.1964814,1446.702
Sphere,-1.5,31.65559,0.2807228,0.1777357,2273.854
Sphere,-1.5,82.85142,0.2209103,0.1098626,19881.93
Sphere,-1.5,104.2915,0.2085949,0.09792094,33375.19
Sphere,-1.5,124.6784,0.1995063,0.08955874,49876.57
Sphere,-1.5,217.0898,0.1736905,0.06787038,173690.5
Sphere,-1.5,1.0,0.0,1.0,0.0
Sphere,-1.5,1.001666,0.03329972,0.9999834,0.0003329972
Sphere,-1.5,1.006653,0.066399,0.9999337,0.00265596
Sphere,-1.5,1.014932,0.09910354,0.9998518,0.008919318
Sphere,-1.5,1.026455,0.1312309,0.9997389,0.02099694
Sphere,-1.5,11.0,12.0,13.0,14.0
Sphere,-1.5,1.079742,0.2225961,0.9992331,0.1090721
Sphere,-1.5,1.10343,0.2509719,0.9990162,0.160622
Sphere,-1.5,1.129897,0.278164,0.9987795,0.2253128
Sphere,-1.5,1.224742,0.3522304,0.9979748,0.5072117
Sphere,-1.5,1.299576,0.3952723,0.9973831,0.7747337
Sphere,-1.5,1.382526,0.43344,0.9967661,1.109608
Sphere,-1.5,1.472649,0.4670695,0.9961369,1.513305
Sphere,-1.5,1.569078,0.4965674,0.9955052,1.98627
Sphere,-1.5,1.67103,0.5223689,0.9948788,2.528265
Sphere,-1.5,1.777808,0.5449019,0.9942627,3.138635
Sphere,-1.5,2.003469,0.5817364,0.9930753,4.560813
Sphere,-1.5,2.121349,0.5967321,0.9925077,5.370589
Sphere,-1.5,2.365178,0.6213236,0.9914284,7.182501
Sphere,-1.5,2.490471,0.6313884,0.9909168,8.182794
Sphere,-1.5,2.617652,0.6402264,0.9904234,9.244869
Sphere,-1.5,3.008376,0.6608859,0.9890464,12.79475
Sphere,-1.5,3.141097,0.6662222,0.9886195,14.09726
Sphere,-1.5,3.409439,0.6751255,0.9878094,16.87814
Sphere,-1.5,3.749234,0.6836345,0.9868714,20.67994
Sphere,-1.5,4.438944,0.6947196,0.9852064,29.3519
Sphere,-1.5,4.787235,0.6982758,0.9844624,34.21552
Sphere,-1.5,5.137071,0.7009387,0.9837683,39.4278
Sphere,-1.5,5.488061,0.7029239,0.9831184,44.98713
Sphere,-1.5,5.839909,0.704391,0.9825076,50.89225
Sphere,-1.5,6.192386,0.7054594,0.981932,57.14221
Sphere,-1.5,6.545317,0.7062191,0.9813879,63.73628
Sphere,-1.5,6.898565,0.706739,0.9808722,70.6739
Sphere,-1.5,7.605613,0.707258,0.9799156,85.57822
Sphere,-1.5,8.312927,0.7073119,0.9790446,101.8529
Sphere,-1.5,9.020142,0.7070816,0.9782455,119.4968
Sphere,-1.5,9.727034,0.7066802,0.9775077,16.0
Sphere,-1.5,300.0,400.0,500.0,1000.0
Sphere,-1.5,0.7,0.8,0.9,1.0
Sphere,-1.5,10.43347,0.7061796,0.9768226,158.8904
Sphere,-1.5,11.13938,0.7056257,0.9761833,180.6402
Sphere,-1.5,11.84471,0.7050482,0.9755842,203.7589
Sphere,-1.5,12.54947,0.7044661,0.9750205,228.247
Sphere,-1.5,13.25365,0.7038919,0.9744883,254.1049
Sphere,-1.5,13.95726,0.7033324,0.9739844,281.333
Sphere,-1.5,17.46751,0.7008666,0.9718018,438.0417
Sphere,-1.5,20.96687,0.6989602,0.9700289,629.0642
Sphere,-1.5,24.45785,0.6974972,0.9685361,854.434
Sphere,-1.5,27.94238,0.6963574,0.9672469,1114.172
Sphere,-1.5,34.89717,0.6947161,0.9650995,1736.79
Sphere,-1.5,41.83841,0.693596,0.9633503,2496.946
Sphere,-1.5,48.77009,0.6927782,0.9618746,3394.613
Sphere,-1.5,62.61345,0.6916404,0.9594742,5602.287
Sphere,-1.5,69.52768,0.6912177,0.9584698,6912.177
Sphere,-1.5,276.0302,0.6865933,0.9453452,109854.9
Sphere,-1.5,344.6515,0.6858592,0.9432487,171464.8
Sphere,-1.5,686.9356,0.6835353,0.9367654,683535.3
Sphere,-0.9,0.9983326,-0.03336338,0.9998331,-0.0003339338
Sphere,-0.9,0.9933213,-0.06690807,0.9993301,-0.002676323
Sphere,-0.9,0.9731383,-0.1352992,0.9972808,-0.02164787
Sphere,-0.9,0.9578529,-0.1705588,0.9957031,-0.04263971
Sphere,-0.9,0.9389925,-0.2068408,0.993725,-0.07446271
Sphere,-0.9,0.9164414,-0.2444222,0.9913122,-0.1197699
Sphere,-0.9,0.8900539,-0.2836292,0.9884202,-0.1815227
Sphere,-0.9,0.8596484,-0.3248561,0.9849906,-0.2631335
Sphere,-0.9,0.8249992,-0.3685921,0.9809466,-0.3685921
Sphere,-0.9,0.7858258,-0.4154599,9.761861e-91,-0.5027065
Sphere,-0.9,1.5,1.6,1.7,1.9
Sphere,-0.9,2.048,2.05,0.7417759,-0.4662774
Sphere,-0.9,0.6924021,-0.5221549,0.9639086,-0.8824419
Sphere,-0.9,0.5751723,-0.6561319,0.9461932,-1.476297
Sphere,-0.9,0.4264911,-0.8434511,0.9183136,-2.437574
Sphere,-0.9,0.3357478,-0.9783814,0.8966053,-3.169956
Sphere,-0.9,0.2287725,-1.176585,0.8628601,-4.247475
Sphere,-0.9,0.06149884,-1.740359,0.7566355,-7.101362
Sphere,-0.9,0.0435061,-1.865392,0.730895,-7.687095
Sphere,-0.9,0.02396453,-2.061745,0.6885839,-8.580159
Sphere,-0.9,0.01100168,-2.286352,0.6370095,-9.570934
Sphere,-0.9,0.006299153,-2.42833,0.6024598,-10.18515
Sphere,-0.9,2.05040073,-4.232444,0.0,-17.7938
Sphere,-0.5,0.3,0.4,0.5,0.7
Sphere,-0.5,1.4,1.5,1.7,1.0
Sphere,-0.5,0.9983329,-0.03335002,0.9991661,-0.0003335002
Sphere,-0.5,0.984966,-0.1004544,0.9924545,-0.009040895
Sphere,-0.5,0.9732254,-0.1344187,0.9865219,-0.02150699
Sphere,-0.5,0.9172961,-0.239371,0.9577558,-0.1172918
Sphere,-0.5,0.8915433,-0.2758396,0.9442157,-0.1765373
Sphere,-0.5,0.8620941,-0.3133322,0.9284902,-0.2537991
Sphere,-0.5,0.8288357,-0.3520616,0.9104041,-0.3520616
Sphere,-0.5,0.7503187,-0.4343153,0.8662094,-0.6254141
Sphere,-0.5,0.7046956,-0.4785529,0.8394615,-0.8087543
Sphere,-0.5,0.5994796,-0.5758855,0.7742607,-1.295742
Sphere,-0.5,0.5391951,-0.6306337,0.734299,-1.614422
Sphere,-0.5,0.4731609,-0.6911653,0.6878669,-1.997468
Sphere,-0.5,0.4006975,-0.7596807,0.6330067,-2.461366
Sphere,-0.5,2.0,2.1,2.15,2.17
Sphere,-0.5,2.207,0.3208364,-0.8399535,0.5664242
Sphere,-0.5,0.2320758,-0.9394628,0.4817425,-3.757851
Sphere,-0.5,0.1317026,-1.077598,0.3629086,-4.752208
Sphere,-0.5,0.07539937,-1.181146,0.2745895,-5.459846
Sphere,-0.5,0.063456,-1.208042,0.2519047,-5.636242
Sphere,-0.5,0.006656089,-1.416345,0.08158486,-6.880062
Sphere,-0.5,0.00379936,-1.441671,0.06163895,-7.0158
Sphere,-0.5,0.002349627,-1.458516,0.04847295,-7.104212
Sphere,-0.5,0.0008800112,-1.482764,0.02966498,-7.228864
Sphere,-0.5,2.20858842,0.0,-1.521468,0.0
Sphere,0,1.0,0.0,1.0,0.0
Sphere,0,0.985,-0.1,0.985,-0.009
Sphere,0,0.9733333,-0.1333333,0.9733333,-0.02133333
Sphere,0,0.94,-0.2,0.94,-0.072
Sphere,0,0.9183333,-0.2333333,0.9183333,-0.1143333
Sphere,0,0.865,-0.3,0.865,-0.243
Sphere,0,0.8333333,-0.3333333,0.8333333,-0.3333333
Sphere,0,0.7183333,-0.4333333,0.7183333,-0.7323333
Sphere,0,0.6733333,-0.4666667,0.6733333,-0.9146667
Sphere,0,0.625,-0.5,0.625,-1.125
Sphere,0,0.5183333,-0.5666667,0.5183333,-1.037667
Sphere,0,0.46,-0.6,0.46,-1.944
Sphere,0,0.3983333,-0.6333333,0.3983333,-2.286333
Sphere,0,2.42,2.43,2.44,0.3333333
Sphere,0,0.265,-0.7,0.265,-3.087
Sphere,0,0.1933333,-0.7333333,0.1933333,-3.549333
Sphere,0,0.04,-0.8,0.04,-4.608
Sphere,0,0.007733333,-0.8133333,0.007733333,-4.842261
Sphere,0,1.5,1.6,1.7,1.8
Sphere,0,2.5,1.0,0.0,1.0
Sphere,0,0.9983338,-0.03331666,0.9975017,-0.0003331666
Sphere,0,0.99334,-0.06653327,0.9900267,-0.002661331
Sphere,0,0.9585943,-0.164577,0.9385388,-0.04114426
Sphere,0,0.9405416,-0.1963843,0.9121515,-0.07069833
Sphere,0,0.8044955,-0.3441403,0.7215816,-0.4164097
Sphere,0,0.7304058,-0.3959013,0.6242324,-0.6690731
Sphere,0,0.646511,-0.4420184,0.5198331,-0.9945413
Sphere,0,0.6012643,-0.4626227,0.4662278,-1.184314
Sphere,0,0.4025795,-0.5249758,0.2554333,-2.099903
Sphere,0,0.2957595,-0.5413018,0.1608452,-2.619901
Sphere,0,0.1326357,-0.5402556,0.04830484,-3.376597
Sphere,0,2.752,0.07904162,-0.5306457,0.02222203
Sphere,0,0.02674118,-0.5138861,0.004372913,-3.74623
Sphere,0,0.01650868,-0.509268,0.002121136,-3.767768
Sphere,0,0.01142859,-0.5067196,0.001221769,-3.776531
Sphere,0,0.0003491111,-0.5002421,6.522971e-06,-3.788585
Sphere,0,2.75269805,0.0,-0.4999971,0.0
Sphere,1,0.3,0.4,0.5,0.6
Sphere,1,1.0,1.1,1.2,1.3
Sphere,1,2.6,1.0,0.0,1.0
Sphere,1,0.9933467,-0.06640038,0.9867376,-0.002656015
Sphere,1,0.9588511,-0.162537,0.9193954,-0.04063426
Sphere,1,0.9410708,-0.192892,0.8856142,-0.0694411
Sphere,1,0.841471,-0.3011687,0.7080734,-0.3011687
Sphere,1,0.8101885,-0.3241749,0.6564054,-0.3922516
Sphere,1,0.7766992,-0.3452846,0.6032617,-0.4972098
Sphere,1,0.6649967,-0.396173,0.4422206,-0.8913892
Sphere,1,0.5833322,-0.4189275,0.3402765,-1.2107
Sphere,1,0.4110521,-0.436142,0.1689638,-1.923386
Sphere,1,0.3674984,-0.4345452,0.135055,-2.103199
Sphere,1,3.1,3.12,3.13,3.14
Sphere,1,3.141,0.1582888,-0.393467,0.02505536
Sphere,1,0.1196386,-0.3792361,0.0143134,-2.973211
Sphere,1,0.08249977,-0.3632614,0.006806212,-3.055028
Sphere,1,0.04704,-0.3456775,0.002212762,-3.111097
Sphere,1,0.01341312,-0.3266285,0.0001799117,-3.1389
Sphere,1,0.006920185,-0.3226561,4.788895e-05,-3.140864
Sphere,1,0.00370364,-0.3206506,1.371695e-05,-3.141382
Sphere,1,0.0005072143,-0.3186325,2.572663e-07,-3.141589
Sphere,1,3.14159265,0.0,-0.3183099,0.0
Sphere,1.5,0.5,0.6,0.7,0.8
Sphere,1.5,1.1,1.2,1.3,1.4
Sphere,1.5,0.9983346,-0.03328337,0.9958417,-0.0003328337
Sphere,1.5,0.9933533,-0.066268,0.983466,-0.00265072
Sphere,1.5,0.9851007,-0.09866007,0.9631671,-0.008879406
Sphere,1.5,0.9591039,-0.1605449,0.9008741,-0.04013622
Sphere,1.5,0.9212547,-0.216863,0.8146092,-0.1062629
Sphere,1.5,0.8982765,-0.2423798,0.76476,-0.1551231
Sphere,1.5,0.8728456,-0.2658923,0.7117763,-0.2153728
Sphere,1.5,0.8451698,-0.2872555,0.6566892,-0.2872555
Sphere,1.5,0.8154699,-0.3063557,0.6005095,-0.3706904
Sphere,1.5,0.7839768,-0.3231109,0.5441994,-0.4652797
Sphere,1.5,0.7509276,-0.3374711,0.488647,-0.5703261
Sphere,1.5,0.7165631,-0.3494173,0.4346464,-0.6848578
Sphere,1.5,0.6448499,-0.3661387,0.3339232,-0.937315
Sphere,1.5,0.6079733,-0.3710173,0.2882115,-1.07224
Sphere,1.5,0.5707202,-0.3736839,0.2460697,-1.210736
Sphere,1.5,0.4588015,-0.3695799,0.1425811,-1.629847
Sphere,1.5,0.422077,-0.3646419,0.1157389,-1.764867
Sphere,1.5,0.3859239,-0.3581784,0.09252398,-1.894764
Sphere,1.5,0.3504866,-0.3503553,0.07272415,-2.018046
Sphere,1.5,2.5,2.6,2.7,2.8
Sphere,1.5,3.0,3.1,3.2,3.3
Sphere,1.5,3.4,3.5,3.6,3.62
Sphere,1.5,3.64,3.65,3.652,3.653
Sphere,1.5,0.3158926,-0.3413414,0.05608524,-2.133383
Sphere,1.5,0.2822524,-0.3313061,0.04232472,-2.239629
Sphere,1.5,0.2496598,-0.3204174,0.0311438,-2.335843
Sphere,1.5,0.2181919,-0.30884,0.02223804,-2.421306
Sphere,1.5,0.1879094,-0.2967337,0.01530634,-2.495531
Sphere,1.5,0.1588576,-0.2842527,0.0100582,-2.558275
Sphere,1.5,0.1310664,-0.2715447,0.006219118,-2.609544
Sphere,1.5,0.1045515,-0.2587507,0.003534484,-2.649608
Sphere,1.5,0.07931464,-0.2490063,0.001771672,-2.679009
Sphere,1.5,0.05534424,-0.2334426,0.0007205782,-2.698597
Sphere,1.5,0.03261573,-0.2211909,0.0001921179,-2.709588
Sphere,1.5,0.01109099,-0.2093927,1.295467e-05,-2.713729
Sphere,1.5,0.006926088,-0.2071024,3.99227e-06,-2.713953
Sphere,1.5,0.002806714,-0.2048397,4.173453e-07,-2.714044
Sphere,1.5,0.0007639242,-0.2037196,1.612968e-08,-2.714055
Sphere,1.5,3.65375374,0.0,-0.2033013,0.0
Sphere,1.5,1.4,1.5,1.0,0.0
Sphere,1.5,0.998335,-0.03326675,0.9950133,-0.0003326675
Sphere,1.5,0.9933599,-0.06613611,0.9802117,-0.002645445
Sphere,1.5,0.8486541,-0.2745394,0.6112124,-0.2745394
Sphere,1.5,0.8203878,-0.2903532,0.5521506,-0.3513274
Sphere,1.5,0.7906702,-0.3035673,0.4942948,-0.4371369
Sphere,1.5,0.7279107,-0.322363,0.3856865,-0.6318314
Sphere,1.5,2.7,2.8,2.9,3.0
Sphere,1.5,3.3,3.4,3.5,3.6
Sphere,1.5,3.7,3.8,4.0,4.1
Sphere,1.5,4.35,4.352,0.6623619,-0.3316197
Sphere,1.5,0.6291133,-0.3330153,0.2489927,-0.9624142
Sphere,1.5,0.5958233,-0.3324793,0.2115205,-1.077233
Sphere,1.5,0.5626758,-0.3301943,0.1781454,-1.192001
Sphere,1.5,0.5298364,-0.3263489,0.1487392,-1.305395
Sphere,1.5,0.4656493,-0.314734,0.1009664,-1.523313
Sphere,1.5,0.4345383,-0.3073338,0.08205104,-1.625796
Sphere,1.5,0.4042101,-0.2991056,0.06604219,-1.722848
Sphere,1.5,0.3747393,-0.2902125,0.05262447,-1.813828
Sphere,1.5,0.3461847,-0.2808059,0.04148811,-1.898248
Sphere,1.5,0.3185906,-0.2710244,0.03233694,-1.975768
Sphere,1.5,0.2663964,-0.2508263,0.01890536,-2.109449
Sphere,1.5,0.2182704,-0.2304662,0.01039884,-2.21478
Sphere,1.5,0.1741771,-0.210593,0.005284124,-2.293358
Sphere,1.5,0.1536,-0.2009927,0.003623879,-2.323476
Sphere,1.5,0.133969,-0.1916787,0.002404433,-2.348064
Sphere,1.5,0.09741994,-0.1740451,0.0009245782,-2.382677
Sphere,1.5,0.06425194,-0.1578933,0.0002652521,-2.401557
Sphere,1.5,0.04884015,-0.1504097,0.0001165014,-2.406555
Sphere,1.5,0.03415651,-0.1433309,3.984929e-05,-2.409393
Sphere,1.5,0.02016037,-0.1366599,8.193995e-06,-2.410681
Sphere,1.5,0.006810943,-0.1303965,3.159525e-07,-2.411031
Sphere,1.5,0.00421508,-0.1291925,7.488892e-08,-2.411042
Sphere,1.5,0.002926138,-0.1285966,2.505443e-08,-2.411045
Sphere,1.5,0.001643135,-0.1280047,4.436287e-09,-2.411046
Sphere,1.5,0.0003660302,-0.1274169,4.904003e-11,-2.411046
Sphere,1.5,0.0001113135,-0.1272898,1.379252e-12,-2.411046
Sphere,1.5,4.3528746,0.0,-0.1272487,0.0
Sphere,1.5,0.3,0.4,0.5,0.6
Sphere,1.5,2.0,2.1,2.2,2.3
Sphere,1.5,2.4,2.5,2.6,2.7
Sphere,2.5,1.0,0.0,1.0,0.0
Sphere,2.5,0.9983354,-0.03325015,0.9941861,-0.0003325015
Sphere,2.5,0.9933665,-0.06600473,0.9769747,-0.002640189
Sphere,2.5,0.985167,-0.09778566,0.9490398,-0.00880071
Sphere,2.5,0.9738567,-0.1281487,0.9114497,-0.02050379
Sphere,2.5,0.9595978,-0.1566977,0.8655901,-0.03917443
Sphere,2.5,0.9425889,-0.183096,0.8130704,-0.06591456
Sphere,2.5,0.8774638,-0.2470527,0.6328522,-0.2001127
Sphere,2.5,0.8519442,-0.2628722,0.5707409,-0.2628722
Sphere,2.5,0.7968545,-0.2862099,0.4516756,-0.4121423
Sphere,2.5,0.7381545,-0.2991542,0.3455537,-0.5863422
Sphere,2.5,0.7080723,-0.302128,0.298725,-0.679788
Sphere,2.5,0.6777979,-0.303034,0.2563602,-0.7757671
Sphere,2.5,0.6174348,-0.2995079,0.1849562,-0.9704055
Sphere,2.5,0.5876729,-0.295513,0.1555875,-1.066802
Sphere,2.5,0.5296436,-0.2841099,0.1081292,-1.252925
Sphere,2.5,0.4742475,-0.2694195,0.07345438,-1.425229
Sphere,2.5,0.4477101,-0.2612586,0.0600467,-1.504849
Sphere,2.5,0.3501462,-0.2262093,0.02540229,-1.773481
Sphere,2.5,0.3279695,-0.217338,0.02020305,-1.827813
Sphere,2.5,0.28625,-0.1999609,0.012549,-1.921624
Sphere,2.5,0.2666763,-0.1915501,0.009793666,-1.961473
Sphere,2.5,0.2479322,0.1833719,0.007588665,-1.99692
Sphere,2.5,0.2299933,-0.1754521,0.00583449,-2.028226
Sphere,2.5,3.5,3.6,3.7,3.8
Sphere,2.5,5.34,5.354,5.355,5.35527546
Sphere,2.5,0.0,-0.07626491,0.2128326,-0.1678094
Sphere,2.5,0.1964217,-0.1604568,0.003358638,-2.079521
Sphere,2.5,0.1807312,-0.1534026,0.002509669,-2.100082
Sphere,2.5,0.1657311,-0.1466507,0.001853165,-2.117637
Sphere,2.5,0.151391,-0.1402017,0.001350051,-2.132469
Sphere,2.5,0.1376807,-0.1340534,0.0009684029,-2.144855
Sphere,2.5,0.1245704,-0.1282013,0.0006822641,-2.155064
Sphere,2.5,0.1120308,-0.122639,0.0004706317,-2.163352
Sphere,2.5,0.1000332,-0.1173588,0.0003165958,-2.169964
Sphere,2.5,0.08854994,-0.1123518,0.0002066137,-2.175131
Sphere,2.5,0.07755409,-0.1076083,0.0001299022,-2.179068
Sphere,2.5,0.05692239,-0.09887048,4.400387e-05,-2.184049
Sphere,2.5,0.04723802,-0.09485453,2.290978e-05,-2.185448
Sphere,2.5,0.01219566,-0.08088683,2.003172e-07,-2.18718
Sphere,2.5,0.004259544,-0.07786397,5.043949e-09,-2.187199
Sphere,2.5,0.0004027292,-0.07641539,1.310828e-12,-2.1872
Sphere,2.5,9.729594e-05,-0.07630125,9.085139e-15,-2.1872
Sphere,2.5,2.100894e-05,-0.07627276,4.250249e-17,-2.1872
Sphere,3,0.2,0.3,0.5,0.6
Sphere,3,0.7,0.8,1.0,0.0
Sphere,3,0.9983358,-0.03323356,0.9933599,-0.0003323356
Sphere,3,0.9933731,-0.06587385,0.9737547,-0.002634954
Sphere,3,0.9739583,-0.1271577,0.8998319,-0.02034523
Sphere,3,0.9598391,-0.1548396,0.8487772,-0.03870989
Sphere,3,0.9430732,-0.1800396,0.7910093,-0.06481427
Sphere,3,0.9239228,-0.2024921,0.72869,-0.09922112
Sphere,3,0.9026721,-0.2220277,0.6639266,-0.1420977
Sphere,3,1.1,1.2,1.4,1.5
Sphere,3,2.2,2.3,2.4,2.5
Sphere,3,2.6,2.8,2.9,3.0
Sphere,3,3.2,3.3,3.4,3.5
Sphere,3,3.7,3.8,3.9,4.0
Sphere,3,4.1,4.2,4.3,4.4
Sphere,3,0.8796172,-0.2385703,0.5986525,-0.1932419
Sphere,3,0.8550576,-0.2521293,0.5345415,-0.2521293
Sphere,3,0.8292881,-0.2627879,0.472957,-0.3179734
Sphere,3,0.8025919,-0.2706901,0.4149341,-0.3897937
Sphere,3,0.7752356,-0.2760262,0.3611893,-0.4664843
Sphere,3,0.7474648,-0.2790192,0.3121498,-0.5468776
Sphere,3,0.7195018,-0.2799117,0.2679955,-0.6298013
Sphere,3,0.6915441,-0.278955,0.228707,-0.7141247
Sphere,3,0.6637641,-0.2763994,0.1941132,-0.7987942
Sphere,3,0.6363094,-0.2724872,0.1639356,-0.8828588
Sphere,3,0.5828505,-0.2614909,0.1154061,-1.045964
Sphere,3,0.5570301,-0.2548102,0.09627523,-1.123713
Sphere,3,0.5319069,-0.2475767,0.08004654,-1.198271
Sphere,3,0.3975887,-0.199687,0.02498826,-1.565546
Sphere,3,0.3780165,-0.191782,0.0204194,-1.612887
Sphere,3,0.3073467,-0.1621713,0.00892307,-1.766045
Sphere,3,0.2914715,-0.1553763,0.007217462,-1.79615
Sphere,3,2.616934,-0.1425827,0.004689984,-1.847872
Sphere,3,0.2477372,-0.1365871,0.003766732,-1.869877
Sphere,3,0.2343672,-0.1308562,0.003017084,-1.889564
Sphere,3,0.2215573,-0.1253856,0.002409594,-1.907115
Sphere,3,0.1975152,-0.1151994,0.001521956,-1.936501
Sphere,3,0.1862338,-0.1104684,0.001202912,-1.948662
Sphere,3,0.1754139,-0.1059674,0.0009467945,-1.959337
Sphere,3,0.1550693,-0.09761895,0.0005782342,-1.976784
Sphere,3,0.1455024,-0.09375278,0.0004482091,-1.983809
Sphere,3,5.4,5.6,5.7,5.8
Sphere,3,6.0,6.1,6.2,6.3
Sphere,3,6.88,-0.09007952,0.0003452558,-1.989857
Sphere,3,0.1274804,-0.08658996,0.000264103,-1.995033
Sphere,3,0.1108198,-0.08012604,0.0001508238,-2.003151
Sphere,3,0.1029581,-0.07713439,0.0001123678,-2.006265
Sphere,3,0.08809501,-0.07159064,6.022893e-05,-2.010981
Sphere,3,0.0810654,-0.06902309,4.318592e-05,-2.012713
Sphere,3,0.07428617,-0.06658201,3.045313e-05,-2.014106
Sphere,3,0.06774502,-0.0642605,2.106248e-05,-2.015209
Sphere,3,0.06143031,-0.06205202,1.424068e-05,-2.01607
Sphere,3,0.05533105,-0.05995032,9.372938e-06,-2.016729
Sphere,3,0.04943688,-0.05794947,5.973161e-06,-2.017221
Sphere,3,0.04373798,-0.05604388,3.659612e-06,-2.01758
Sphere,3,0.02772294,-0.05084687,5.906867e-07,-2.018112
Sphere,3,0.02271761,-0.0492719,2.663489e-07,-2.018177
Sphere,3,0.01786618,-0.04776834,1.018889e-07,2.018212
Sphere,3,0.00859763,-0.04495956,5.464054e-09,-2.018235
Sphere,3,0.004167789,-0.04364697,3.017332e-10,-2.018236
Sphere,3,0.001143632,-0.04276204,1.71059e-12,-2.018236
Sphere,3,0.0007166335,-0.04263783,2.637476e-13,-2.018236
Sphere,3,0.0002908741,-0.04251415,7.15847e-15,-2.018236
Sphere,3,3.601115e-05,-0.0424402,1.681697e-18,-2.018236
Sphere,3,0.3,0.4,1.0,0.0
Sphere,3,0.9933797,-0.06574346,0.9705517,-0.002629738
Sphere,3,0.9852324,-0.09692593,0.9352423,-0.008723334
Sphere,3,0.9600768,-0.1530231,0.8324857,-0.03825579
Sphere,3,0.6,0.7,0.8,1.0
Sphere,3,2.0,2.2,2.4,2.6
Sphere,3,8.5,9.0,9.2,9.3
Sphere,3,0.9435472,-0.1770796,0.7699035,-0.06374865
Sphere,3,0.9247621,-0.1981008,0.7032912,-0.09706937
Sphere,3,0.9040326,-0.2159576,0.6350801,-0.1382129
Sphere,3,0.8816768,-0.2306327,0.5674039,-0.1868125
Sphere,3,0.6529871,-0.2499176,0.1469165,-0.8097329
Sphere,3,0.6041619,-0.2378757,0.1035595,-0.9515027
Sphere,3,0.514716,-0.2087264,0.05035636,-1.202264
Sphere,3,0.4029445,-0.1646693,0.01673414,-1.482024
Sphere,3,0.3422828,-0.1392935,0.008030321,-1.610233
Sphere,3,0.2104443,-0.08557232,0.0008997396,-1.81071
Sphere,3,0.1939672,-0.07930184,0.0006234148,-1.827114
Sphere,3,0.1786843,-0.0736203,0.0004309118,-1.840508
Sphere,3,0.1166474,0.05214469,6.323209e-05,-1.877209
Sphere,3,0.09253061,-0.04460179,2.229895e-05,-1.884426
Sphere,3,0.03805997,-0.02953646,4.093624e-07,-1.890334
Sphere,3,0.02415962,-0.02616639,5.29548e-08,-1.890522
Sphere,3,0.01180312,-0.02334019,2.10856e-09,-1.890555
Sphere,3,0.00723656,-0.02233645,2.332893e-10,-1.890557
Sphere,3,0.005026933,-0.02185868,4.527558e-11,-1.890557
Sphere,3,0.0007472341,-0.020948,8.522264e-15,-1.890557
Sphere,3,0.0005379743,-0.02090397,1.942795e-15,-1.890557
Sphere,3,0.0003291542,-0.02086008,2.129597e-16,-1.890557
Sphere,3,9.53,0.0001207723,-0.02081632,2.33805e-18
Sphere,3,9.532,7.914844e-05,-0.02080759,3.4913269999999997e-19
Sphere,3,9.534,3.754199e-05,-0.02079886,1.217104e-20
Sphere,3,9.535,1.674531e-05,-0.0207945,3.2175090000000004e-22
Sphere,3,9.53580534,-0.02079098,0.0,-1.890557
Sphere,3,3.6,3.8,4.0,4.4
Sphere,3,1.0,0.0,1.0,0.0
Sphere,3,0.9983367,-0.03320043,0.9917109,-0.0003320043
Sphere,3,0.9933862,-0.06561355,0.9673656,-0.002624542
Sphere,3,0.9741584,-0.125219,0.8772996,-0.02003505
Sphere,3,0.9603109,-0.151247,0.8166939,-0.03781176
Sphere,3,0.9255784,-0.1938887,0.6793068,-0.09500546
Sphere,3,0.7637988,-0.2458005,0.2599531,-0.4817689
Sphere,3,0.7150639,-0.2405993,0.1869495,-0.6159343
Sphere,3,0.6229408,-0.2181532,0.09380668,-0.8726129
Sphere,3,0.5806982,-0.2041302,0.06603169,-0.9879902
Sphere,3,0.541317,-0.1896715,0.04647917,-1.092508
Sphere,3,0.4114642,0.01179397,-1.403608,0.3851579
Sphere,3,-0.1261522,0.008476056,-1.458319,0.3609402
Sphere,3,0.006125988,-1.505679,0.3386263,-0.1071048
Sphere,3,0.004452495,-1.546593,0.3180424,-0.09886802
Sphere,3,0.2990278,-0.09140069,0.00239088,-1.612308
Sphere,3,0.2651321,-0.07850046,1.3101210000000001e-93,-1.66107
Sphere,3,14.97,0.2499972,-0.0729379,0.0009765086
Sphere,3,0.2359227,-0.0678881,0.0007308848,-1.697203
Sphere,3,0.204762,-0.05717298,0.000359954,-1.729483
Sphere,3,0.1783843,-0.04865644,0.000180627,-1.751632
Sphere,3,0.1558267,-0.04181763,9.18775e-05,-1.766795
Sphere,3,0.1193924,-0.03171807,2.425962e-05,-1.784142
Sphere,3,0.1045941,-0.02795075,1.246425e-05,-1.788848
Sphere,3,0.0691241,0.01989278,1.578147e-06,-1.795324
Sphere,3,0.05967274,-0.01796142,7.566237e-07,-1.796142
Sphere,3,0.0433401,-0.01485063,1.529147e-07,-1.796926
Sphere,3,1.240003e-05,-0.008019735,2.931658e-25,-1.79723
Sphere,3,-0.0003318389,0.9933927,0.9641962,-0.002619366
Sphere,3,0.9852972,-0.0960805,0.9217641,-0.008647245
Sphere,3,0.9605416,-0.14951,0.8013809,-0.03737749
Sphere,3,0.9444659,-0.1714309,0.7303389,-0.06171512
Sphere,3,0.9066147,0.2047287,0.5832101,-0.1310264
Sphere,3,1.0,1.2,1.4,1.8
Sphere,3,2.0,2.2,2.4,2.6
Sphere,3,10.0,12.0,13.0,14.0
Sphere,3,0.8634822,-0.2244656,0.4460604,-0.2244656
Sphere,3,0.8176013,-0.2326322,0.3303532,-0.3349904
Sphere,3,0.7710201,-0.2319352,0.2392552,-0.454593
Sphere,3,0.7252376,-0.2250671,0.1708605,-0.5761719
Sphere,3,0.6812511,-0.2143129,0.1211127,-0.6943739
Sphere,3,0.6007407,-0.1876381,0.08064276,-0.9081684
Sphere,3,0.5646023,-0.173786,0.04311064,-1.001007
Sphere,3,0.531196,-0.1603813,0.03082489,-1.084178
Sphere,3,0.4720487,-0.1359475,0.01610377,-1.223528
Sphere,3,0.445958,0.1251181,0.01177922,-1.281209
Sphere,3,0.4219391,-0.115224,0.008687077,-1.33199
Sphere,3,0.3793937,-0.09805936,0.004841675,-1.415977
Sphere,3,0.3430825,-0.0839621,0.002784146,-1.481091
Sphere,3,0.3269069,-0.0778931,0.002134679,-1.50801
Sphere,3,0.3118874,-0.07239135,0.001648118,-1.531801
Sphere,3,0.2979165,-0.06739845,0.001280914,-1.55286
Sphere,3,0.2559722,-0.05321104,0.0005559815,-1.609634
Sphere,3,0.2313631,-0.045507,0.0003188732,-1.638252
Sphere,3,0.2102182,-0.03928909,0.0001882289,-1.659964
Sphere,3,0.1918837,-0.03421611,0.0001139488,-1.676589
Sphere,3,0.1492079,-0.0236295,2.856636e-05,-1.707231
Sphere,3,0.138029,-0.02115295,1.861387e-05,-1.713389
Sphere,3,0.1279946,-0.01903892,1.229008e-05,-1.718263
Sphere,3,0.1189407,-0.01722137,8.209531e-06,1.722137
Sphere,3,0.1032586,-0.01427852,3.772192e-06,-1.727701
Sphere,3,0.09015578,-0.01202278,1.7884e-06,-1.731281
Sphere,3,0.05402048,-0.006784081,1.069231e-07,-1.736725
Sphere,3,0.04763467,-0.006010845,5.352757e-08,-1.737134
Sphere,3,31.82,31.83,0.04195731,-0.00536233
Sphere,3,0.03687696,-0.004813183,1.309643e-08,-1.737559
Sphere,3,0.03230429,-0.004344152,6.323115e-09,-1.737661
Sphere,3,0.0178231,-0.003016995,2.401083e-10,-1.737789
Sphere,3,0.01225324,-0.002570706,3.0576e-11,-1.737797
Sphere,3,0.007479072,-0.00221658,2.023776e-12,-1.737799
Sphere,3,0.001472855,-0.001808323,2.659985e-16,-1.737799
Sphere,3,0.0004084616,-0.001740305,2.2979039999999996e-19,-1.737799
Sphere,3,6.25897e-05,-0.001718483,7.599165e-24,-1.737799
Sphere,3,2.824164e-05,-0.001716324,9.547612e-26,-1.737799
Sphere,3,31.8364632,0.0,-0.001714549,0.0
Sphere,4.99,0.9983375,-0.03316769,0.9900827,-0.0003316769
Sphere,4.99,0.9933991,-0.06535779,0.9611063,-0.002614312
Sphere,4.99,0.9853286,-0.09567135,0.9152734,-0.008610422
Sphere,4.99,0.9743528,-0.1233546,0.8558746,-0.01973674
Sphere,4.99,0.9607644,-0.1478442,0.7868198,-0.03696106
Sphere,4.99,0.8659757,-0.2166602,0.4223371,-0.2166602
Sphere,4.99,0.8219096,-0.2223613,0.3088846,-0.3202002
Sphere,4.99,0.7775847,-0.2197517,0.2216045,-0.4307133
Sphere,4.99,0.7343745,-0.2116399,0.1573426,-0.5417983
Sphere,4.99,0.6543686,-0.1873117,0.07884541,-0.7492467
Sphere,4.99,0.5848167,-0.1605793,0.04022057,-0.9249367
Sphere,4.99,2.8,3.0,3.2,3.4
Sphere,4.99,11.0,12.0,13.0,14.0
Sphere,4.99,20.0,25.0,30.0,35.0
Sphere,4.99,0.4994753,-0.125202,0.01563503,-1.126818
Sphere,4.99,0.4754471,-0.1152337,0.01163703,-1.179993
Sphere,4.99,0.4533215,-0.1061684,0.008747299,-1.227306
Sphere,4.99,0.4329232,-0.09795024,0.00663898,-1.269435
Sphere,4.99,0.3966709,-0.08378468,0.003931859,-1.340555
Sphere,4.99,0.3805328,-0.07769788,0.003065834,-1.370591
Sphere,4.99,0.3655534,-0.07218681,0.002410325,-1.397537
Sphere,4.99,0.3386462,-0.06265673,0.001524683,-1.443611
Sphere,4.99,0.3265336,-0.05853396,0.001225823,-1.463349
Sphere,4.99,0.2995453,-0.04975274,0.0007311567,-1.50502
Sphere,4.99,0.2764897,-0.04272312,0.0004525402,-1.538032
Sphere,4.99,0.2565999,-0.03703069,0.0002893653,-1.564546
Sphere,4.99,0.2392876,-0.03236966,0.0001904284,-1.586113
Sphere,4.99,0.2240965,-0.02851308,0.00012856,-1.603861
Sphere,4.99,0.210669,-0.02529095,8.879069e-05,-1.618621
Sphere,4.99,0.1987214,-0.02257459,6.258721e-05,-1.631014
Sphere,4.99,0.1880266,0.02026558,4.493386e-05,-1.641512
Sphere,4.99,0.1784007,-0.01828783,3.279938e-05,-1.650476
Sphere,4.99,0.1696936,-0.01658187,2.430499e-05,-1.658187
Sphere,4.99,0.1217826,-0.008641666,3.331613e-06,-1.693767
Sphere,4.99,0.1137053,-0.00754938,2.208652e-06,-1.698611
Sphere,4.99,0.1066194,-0.006650716,1.502241e-06,-1.702583
Sphere,4.99,0.1003538,-0.005902698,1.045172e-06,-1.70588
Sphere,4.99,0.09477448,-0.005273593,7.419619e-07,-1.708644
Sphere,4.99,0.08977499,-0.004739567,5.362913e-07,-1.710984
Sphere,4.99,0.08526976,-0.004282452,3.939691e-07,-1.712981
Sphere,4.99,0.06810549,-0.002751391,1.025088e-07,-1.71962
Sphere,4.99,0.05662905,-0.001914665,3.39395e-08,-1.723198
Sphere,4.99,0.04841812,-0.001408436,1.327999e-08,-1.725334
Sphere,4.99,0.04225371,-0.00107919,5.873952e-09,-1.726705
Sphere,4.99,0.03745599,-0.0008531521,2.853596e-09,-1.727633
Sphere,4.99,200.0,300.0,400.0,500.0
Sphere,4.99,1000.0,1500.0,1700.0,0.02785366
Sphere,4.99,0.0206472,-0.0002703013,8.054119e-11,-1.729928
Sphere,4.99,0.01824437,-0.0002135969,3.838506e-11,-1.730135
Sphere,4.99,0.01632192,-0.0001730279,1.97015e-11,-1.730279
Sphere,4.99,0.007669336,-4.326725e-05,2.136481e-13,-1.73069
Sphere,4.99,0.004784801,-1.92305e-05,1.265858e-14,-1.730745
Sphere,4.99,0.003342508,-1.081724e-05,1.476366e-15,-1.730758
Sphere,4.99,0.002477128,-6.923051e-06,2.4533e-16,-1.730763
Sphere,4.99,0.0007463631,-1.730765e-06,1.8576819999999999e-19,-1.730765
Sphere,4.99,3.369502e-05,-5.988807e-07,1.6222530000000002e-27,-1.730765
Sphere,4.99,1758.18915,0.0,-5.598955e-07,0.0
Sphere,4.99,0.2,0.3,0.4,0.5
Sphere,4.99,0.8,0.9,1.0,1.2
Sphere,4.99,2.0,2.2,2.4,2.6
Sphere,4.99,3.0,3.2,0.0,1.0
Sphere,4.99,0.9983375,-0.03316736,0.9900663,-0.0003316736
Sphere,4.99,0.9933993,-0.06535521,0.9610434,-0.002614209
Sphere,4.99,0.9853293,-0.09566304,0.9151417,-0.008609673
Sphere,4.99,0.9743547,-0.123336,0.8556625,-0.01973377
Sphere,4.99,0.9607689,-0.1478106,0.7865271,-0.03695265
Sphere,4.99,0.9449112,-0.1687341,0.7117802,-0.06074429
Sphere,4.99,0.9271455,-0.1859604,0.6351664,-0.09112061
Sphere,4.99,0.9078413,-0.1995256,0.5598344,-0.1276964
Sphere,4.99,0.8873565,-0.2096118,0.48819,-0.1697855
Sphere,4.99,0.8660254,-0.2165064,0.421875,-0.2165064
Sphere,4.99,0.8219949,-0.2221608,0.3084714,-0.3199115
Sphere,4.99,0.7777138,-0.219516,0.2212681,-0.4302513
Sphere,4.99,0.7345532,-0.2113822,0.1570867,-0.5411384
Sphere,4.99,0.6933752,-0.2000121,0.1111245,-0.6480392
Sphere,4.99,0.6546537,-0.1870439,0.0787172,-0.7481756
Sphere,4.99,0.6185896,-0.1735838,0.05602935,-0.8401456
Sphere,4.99,0.5852057,-0.1603303,0.04016534,-0.9235028
Sphere,4.99,0.554416,-0.1476928,0.02904118,-0.9984032
Sphere,4.99,0.433555,-0.09779436,0.006641484,-1.267415
Sphere,4.99,0.4147509,-0.09037005,0.005090077,-1.304943
Sphere,4.99,0.3973597,-0.08365468,0.003936434,-1.338475
Sphere,4.99,0.3662897,-0.07207848,0.002415174,-1.395439
Sphere,4.99,0.3523807,-0.06709236,0.001914578,-1.419674
Sphere,4.99,0.3394221,-0.06256629,0.001529117,-1.441527
Sphere,4.99,0.3273268,-0.05845122,0.001229956,-1.461281
Sphere,4.99,0.3003757,-0.04968621,0.000734495,-1.503008
Sphere,4.99,0.2773501,-0.04266925,0.0004551661,-1.536093
Sphere,4.99,0.2574846,-0.03698674,0.0002914124,-1.56269
Sphere,4.99,0.2401922,-0.03233357,0.0001920232,-1.584345
Sphere,4.99,0.2250176,-0.02848324,0.0001298072,-1.602182
Sphere,4.99,0.2116037,-0.02526611,8.977168e-05,-1.617031
Sphere,4.99,0.1996675,-0.0225538,6.336424e-05,-1.629512
Sphere,4.99,0.170664,-0.01656932,2.470882e-05,-1.656932
Sphere,4.99,0.1555428,-0.01379815,1.416116e-05,-1.669576
Sphere,4.99,0.1428571,-0.01166181,8.49986e-06,-1.6793
Sphere,4.99,0.1320676,-0.009981856,5.306137e-06,-1.686934
Sphere,4.99,0.1227818,-0.008637917,3.426136e-06,-1.693032
Sphere,4.99,0.1013606,-0.005901131,1.084464e-06,-1.705427
Sphere,4.99,0.09578263,-0.005272438,7.721835e-07,-1.70827
Sphere,4.99,0.09078413,-0.004738732,5.598344e-07,-1.710682
Sphere,4.99,0.0862796,-0.004281866,4.125234e-07,-1.712746
Sphere,4.99,0.05763904,-0.001914918,3.666912e-08,-1.723426
Sphere,4.99,0.04942668,-0.001408741,1.458037e-08,-1.725708
Sphere,4.99,0.04326073,-0.001079494,6.554857e-09,-1.727191
Sphere,4.99,0.03846154,-0.0008534365,3.237128e-09,-1.728209
Sphere,4.99,0.03462025,-0.0006915751,1.721794e-09,-1.728938
Sphere,4.99,0.02885549,-0.0004805244,5.772594e-10,-1.729888
Sphere,4.99,0.02473601,-0.0003531554,2.290752e-10,-1.730461
Sphere,4.99,0.02164556,-0.0002704428,1.028521e-10,-1.730834
Sphere,4.99,2.0,2.2,2.4,2.6
Sphere,4.99,0.01731791,-0.0001731272,2.697571e-11,-1.731272
Sphere,4.99,0.008659929,-4.32964e-05,4.217801e-13,-1.731856
Sphere,4.99,0.005773406,-1.924405e-05,3.703333e-14,-1.731964
Sphere,4.99,0.001732048,1.732043e-06,2.699976e-17,-1.732043
Sphere,4.99,0.0,0.0,0.0,-1.732051
Sphere,6,1.0,0.0,1.0,0.0
Sphere,6,0.9983383,-0.03313435,0.988426,-0.0003313435
Sphere,6,0.9934123,-0.06509881,0.9547872,-0.002603952
Sphere,6,0.985393,-0.09483841,0.9021239,-0.008535457
Sphere,6,0.9745473,-0.1215064,0.8348729,-0.01944102
Sphere,6,0.9457754,-0.1635773,0.6768868,-0.05888784
Sphere,6,0.928632,-0.1786313,0.5955325,-0.08752933
Sphere,6,0.9101772,-0.1898466,0.517466,-0.1215018
Sphere,6,0.8907802,-0.1975392,0.4450347,-0.1600067
Sphere,6,0.8300401,-0.2037396,0.2714524,-0.293385
Sphere,6,0.7897537,-0.1981944,0.1916204,-0.388461
Sphere,6,0.7145489,-0.1763707,0.09510946,-0.571441
Sphere,6,0.6491069,-0.1508885,0.04855271,-0.7303005
Sphere,6,0.5691156,-0.1170493,0.01933764,-0.9176667
Sphere,6,0.5466674,0.1075863,0.01459022,-0.9682764
Sphere,6,0.4582073,-0.07235295,0.004240668,-1.157647
Sphere,6,0.4442574,-0.06723304,0.003415408,-1.185991
Sphere,6,4.6,4.8,5.0,5.5
Sphere,6,10.0,11.0,14.0,15.0
Sphere,6,0.4191873,-0.05840778,0.002274347,-1.235909
Sphere,6,0.4078926,-0.05459997,0.001878541,-1.257983
Sphere,6,0.3973243,-0.05113662,0.001563206,-1.278416
Sphere,6,0.3736722,-0.04374915,0.001017269,-1.323412
Sphere,6,0.3533335,-0.03781617,0.000687533,-1.361382
Sphere,6,0.3356718,-0.03299193,0.0004801799,-1.393909
Sphere,6,0.3201993,-0.02902347,0.0003450981,-1.42215
Sphere,6,0.3065371,-0.02572384,0.0002543205,-1.446966
Sphere,6,0.2835135,-0.0206058,0.0001472367,1.488769
Sphere,6,0.2737247,-0.01860052,0.0001151326,-1.506642
Sphere,6,0.2648665,-0.01687456,9.145115e-05,-1.522929
Sphere,6,0.2568119,-0.01537875,7.367255e-05,-1.537875
Sphere,6,0.2427111,-0.01292967,4.961661e-05,-1.56449
Sphere,6,0.2307717,-0.01102546,3.485607e-05,-1.587666
Sphere,6,0.2205291,-0.009516059,2.536652e-05,-1.608214
Sphere,6,0.2116423,-0.008299523,1.902032e-05,-1.626706
Sphere,6,0.1969761,-0.006480832,1.150521e-05,-1.659093
Sphere,6,0.1908502,0.005790785,9.222478e-06,-1.673537
Sphere,6,0.1853592,-0.005207031,7.517929e-06,-1.687078
Sphere,6,0.1804077,-0.004708759,6.219918e-06,-1.699862
Sphere,6,0.1759185,-0.004280013,5.214114e-06,-1.712005
Sphere,6,0.1585411,-0.00282542,2.517634e-06,-1.765888
Sphere,6,0.1466189,-0.002014213,1.456566e-06,-1.812792
Sphere,6,0.1378878,-0.001515147,9.477234e-07,-1.856055
Sphere,6,0.1311881,-0.001185883,6.687461e-07,-1.897413
Sphere,6,0.1258634,-0.0009569763,5.003757e-07,-1.937877
Sphere,6,0.1147936,-0.0005720406,2.626778e-07,-2.059346
Sphere,6,0.1097962,-0.0004374204,1.923582e-07,-2.14336
Sphere,6,0.1058943,-0.0003486476,1.493171e-07,-2.231345
Sphere,6,0.1000997,0.000242193,1.007003e-07,-2.42193
Sphere,6,0.08571765,-9.29753e-05,3.400101e-08,-3.719012
Sphere,6,0.07280372,1.084114e-08,-7.797832,500.0
Sphere,6,0.2,0.3,0.4,0.5
Sphere,6,4.2,4.4,4.6,4.8
Sphere,6,0.06833864,-4.109422e-05,6.960885e-09,-10.27355
Sphere,6,0.053136,-2.27081e-05,1.195974e-09,-22.7081
Sphere,6,1.0,0.0,1.0,0.0
Sphere,6,0.9934636,-0.06409207,0.9304037,-0.002563683
Sphere,6,0.9628735,-0.1326511,0.6595713,-0.03316277
Sphere,6,0.9489183,-0.1456545,0.561716,-0.05243562
Sphere,6,0.9338937,-0.1541331,0.4712723,-0.07552521
Sphere,6,0.9182206,-0.158744,0.3912168,-0.1015962
Sphere,6,0.7982286,-0.1305942,0.08383018,-0.3343213
Sphere,6,0.7732641,-0.1191292,0.05910253,-0.3859787
Sphere,6,0.7505303,-0.1083522,0.04256479,-0.4334087
Sphere,6,0.6939218,-0.08181674,0.01796452,-0.5530812
Sphere,6,0.6782706,-0.07483528,0.0139776,-0.5867086
Sphere,6,0.6507654,-0.06315666,0.0088648,-0.6467242
Sphere,6,0.6073703,-0.04657722,0.004149435,-0.7452355
Sphere,6,0.5983726,-0.04345443,0.003521185,-0.7665361
Sphere,6,0.5899679,-0.04064035,0.003013787,-0.7867972
Sphere,6,0.5820984,-0.03809688,0.002599925,-0.80613
Sphere,6,0.5747133,-0.03579129,0.002259249,-0.8246313
Sphere,6,0.567768,-0.0336954,0.001976422,-0.8423851
Sphere,6,0.5520803,-0.02922175,0.001452194,-0.883958
Sphere,6,10.0,11.0,12.0,13.0
Sphere,6,14.0,16.0,17.0,18.0
Sphere,6,200.0,300.0,400.0,500.0
Sphere,6,1000.0,0.5384019,-0.02561709,-0.9222154
Sphere,6,0.515647,-0.02023108,0.0006852941,-0.991323
Sphere,6,0.5060568,-0.01818788,0.0005574324,-1.023068
Sphere,6,0.4895559,-0.01498231,0.000387102,-1.082472
Sphere,6,0.4823904,-0.0137106,0.0003291434,-1.110559
Sphere,6,0.4758173,-0.01260705,0.0002830368,-1.137786
Sphere,6,0.4697602,-0.01164281,0.0002458318,-1.164281
Sphere,6,0.4589488,-0.01004527,0.000190286,-1.215478
Sphere,6,0.4495582,-0.008783332,0.0001515813,-1.2648
Sphere,6,0.4413004,-0.007767563,0.0001236168,-1.312718
Sphere,6,0.4339617,-0.006936633,0.0001027934,-1.35958
Sphere,6,0.4273801,-0.006247326,8.688742e-05,-1.405648
Sphere,6,0.4214303,-0.005668458,7.447038e-05,-1.451125
Sphere,6,0.4160141,-0.005177058,6.459339e-05,-1.49617
Sphere,6,0.4110528,-0.004755886,5.660752e-05,-1.540907
Sphere,6,0.4064833,-0.004391796,5.005756e-05,-1.585438
Sphere,6,0.4022536,-0.004074611,4.461694e-05,-1.629844
Sphere,6,0.3849282,-0.002963129,2.749018e-05,-1.851956
Sphere,6,0.3614695,-0.00188375,1.376538e-05,-2.307594
Sphere,6,0.3528268,-0.001589876,1.054818e-05,-2.543801
Sphere,6,0.345439,-0.001375749,8.357667e-06,-2.785891
Sphere,6,0.3280772,-0.0009845589,4.739537e-06,-3.544412
Sphere,6,0.3190447,-0.0008311192,3.486322e-06,-4.072484
Sphere,6,0.3113121,-0.000720951,2.661684e-06,-4.614086
Sphere,6,0.3045366,-0.0006377537,2.089459e-06,-5.165805
Sphere,6,0.2984977,-0.0005724677,1.676299e-06,-5.724677
Sphere,6,0.2589827,-0.0002830778,3.515424e-07,-11.32311
Sphere,6,0.2363142,-0.0001831466,1.283474e-07,-16.48319
Sphere,6,0.2092464,-0.0001013144,3.366969e-08,-25.32861
Sphere,6,1.2,1.4,1.6,1.8
Sphere,6,2.0,2.2,2.4,2.6
Sphere,6,2.8,3.2,3.4,3.6
Sphere,20,1.0,0.0,1.0,0.0
Sphere,20,0.9983498,-0.03267875,0.9659117,-0.0003267875
Sphere,20,0.9935875,-0.06170052,0.8736328,-0.002468021
Sphere,20,0.9862166,-0.08457184,0.7471691,-0.007611465
Sphere,20,0.966346,-0.1098095,0.4872885,-0.02745239
Sphere,20,0.9551219,-0.1139143,0.381272,-0.04100914
Sphere,20,0.9436916,-0.1141617,0.2960954,-0.05593921
Sphere,20,0.932376,-0.1118081,0.229833,-0.07155717
Sphere,20,0.9213835,-0.1078387,0.1791633,-0.08734937
Sphere,20,0.8913063,-0.09228373,0.08924141,-0.1328886
Sphere,20,0.8739014,-0.08190645,0.05898085,-0.1605366
Sphere,20,0.8584714,-0.0725958,0.04057347,-0.1858452
Sphere,20,0.8325888,-0.05758782,0.0213325,-0.2303513
Sphere,20,0.8216781,-0.05167461,0.01617097,-0.2501051
Sphere,20,0.8118618,-0.0466193,0.01256389,-0.2685272
Sphere,20,0.8029826,-0.04228148,0.009973069,-0.2858228
Sphere,20,0.7949094,-0.03854114,0.008066226,-0.3021625
Sphere,20,0.787533,-0.03529861,0.006631991,-0.3176875
Sphere,20,0.7807623,-0.03247209,0.005532165,-0.3325142
Sphere,20,0.7687447,-0.02781201,0.003994159,-0.3604436
Sphere,20,0.7633795,-0.02587912,0.003447863,-0.3736944
Sphere,20,0.7583789,-0.0241593,0.003003386,-0.3865488
Sphere,20,0.7537036,-0.02262217,0.002637619,-0.399055
Sphere,20,0.7493196,-0.02124247,0.002333503,-0.4112543
Sphere,20,0.7451975,-0.01999915,0.002078257,-0.423182
Sphere,20,0.7218938,-0.0139222,0.001066447,-0.5011992
Sphere,20,0.6990592,-0.009429766,0.0005429917,-0.603505
Sphere,20,0.6945324,-0.008695481,0.0004737431,-0.6282485
Sphere,20,0.6903474,-0.00805932,0.0004172743,-0.6528049
Sphere,20,0.6864597,-0.007503853,0.0003706086,-0.6772227
Sphere,20,0.6651126,-0.005010838,0.0001908967,-0.8468317
Sphere,20,0.6603295,-0.004568499,0.0001640496,-0.8954257
Sphere,20,0.6446902,-0.00337146,9.916833e-05,-1.092353
Sphere,20,0.6414245,-0.003164419,8.913673e-05,-1.142355
Sphere,20,0.6252455,-0.002318822,5.21269e-05,-1.449263
Sphere,20,0.6147606,-0.001903765,3.654492e-05,-1.713388
Sphere,20,0.605993,-0.001619462,2.702838e-05,-1.983841
Sphere,20,0.5984391,-0.001412095,2.076917e-05,-2.259352
Sphere,20,0.5858471,-0.00112845,1.32883e-05,-2.821125
Sphere,20,0.5755521,-0.000942072,9.157498e-06,-3.391459
Sphere,20,0.5668294,0.0008092547,6.645062e-06,-3.965348
Sphere,20,0.5592584,-0.0007092862,5.010298e-06,-4.539432
Sphere,20,0.5525717,-0.0006310474,3.891894e-06,-5.111484
Sphere,20,0.470342,-0.0001289756,1.32035e-07,-20.6361
Sphere,20,0.0,0.0,0.0,0.0
Sphere,-+-,0.001665834,0.03330003,0.9983356,0.0003330003
Sphere,-+-,0.006653367,0.06640101,0.9933687,0.00265604
Sphere,-+-,0.01493288,0.09910765,0.9851781,0.008919688
Sphere,-+-,0.02645548,0.131232,0.9738914,0.02099712
Sphere,-+-,0.04115396,0.1625969,0.9596814,0.04064923
Sphere,-+-,0.05894407,0.1930388,0.9427595,0.06949396
Sphere,-+-,0.1033861,0.2505811,0.9017788,0.1603719
Sphere,-+-,0.1297985,0.2774417,0.8782724,0.2247278
Sphere,-+-,0.1588277,0.3029014,0.8531434,0.3029014
Sphere,-+-,0.4671988,0.4515544,0.6267555,1.463036
Sphere,-+-,0.559823,0.4737714,0.5713102,1.895086
Sphere,-+-,0.9600126,0.5156433,0.3828881,4.042643
Sphere,-+-,1.166688,0.5160226,0.3113966,5.284071
Sphere,-+-,1.269603,0.5128074,0.2809432,5.928053
Sphere,-+-,1.670236,0.4858157,0.1882027,8.569789
Sphere,-+-,1.766517,0.4769026,0.1709273,9.232834
Sphere,-+-,2.044092,0.4479695,0.1294977,11.19924
Sphere,-+-,2.261844,0.4230398,0.1041583,12.79696
Sphere,-+-,3.013942,0.332556,0.04909778,18.70627
Sphere,-+-,3.175397,0.313514,0.04177752,20.0649
Sphere,-+-,3.327699,0.2959319,0.03587556,21.38108
Sphere,-+-,3.471559,0.2797279,0.03106857,22.65796
Sphere,-+-,3.97512,0.2267131,0.01877706,27.43228
Sphere,-+-,4.568253,0.1727558,0.01037607,33.86015
Sphere,-+-,4.887614,0.1477278,0.007539388,37.81831
Sphere,-+-,5.162942,0.1283929,0.005724835,41.59931
Sphere,-+-,5.287225,0.1203294,0.005055769,43.43892
Sphere,-+-,5.89731,0.08642557,0.002746824,54.01598
Sphere,-+-,6.600543,0.05783467,0.001359629,70.84747
Sphere,-+-,6.867771,0.04948146,0.001040794,79.17033
Sphere,-+-,7.098813,0.04321634,0.0008260852,87.51309
Sphere,-+-,7.64849,0.03136331,0.0004767637,112.9079
Sphere,-+-,7.936828,0.02658033,0.0003573383,130.2436
Sphere,-+-,9.887835,0.009496032,5.07888e-05,379.8413
Sphere,-+-,11.2372,0.00498042,1.317482e-05,796.8672
Sphere,-+-,11.68443,0.004030609,8.423977e-06,1007.652
Sphere,-+-,12.05324,0.003382905,5.825635e-06,1217.846
Sphere,-+-,12.63944,0.00255478,3.241604e-06,1635.059
Sphere,-+-,12.88035,0.002274029,2.547619e-06,1841.963
Sphere,-+-,13.09606,0.0020478,2.05331e-06,2047.8
Sphere,-+-,0.001460323,1.031193e-06,2862.234,1600.0
Sphere,-+-,14.05756,0.001275496,7.850172e-07,3265.269
Sphere,-+-,14.2977,0.001131557,6.174289e-07,3666.246
Sphere,-+-,14.51209,0.001016395,4.982857e-07,4065.58
Sphere,-+-,14.70565,0.0009222316,4.105967e-07,4463.601
